i_shedule_id,instructor_id,training_time,day_of_week
1,1,10:00,Monday
2,1,14:00,Monday
3,1,20:00,Monday
4,1,13:00,Monday
5,1,19:00,Monday
6,1,16:00,Monday
7,2,20:00,Monday
8,2,09:00,Monday
9,2,15:00,Monday
10,2,12:00,Monday
11,2,16:00,Monday
12,3,13:00,Monday
13,3,19:00,Monday
14,3,16:00,Monday
15,4,20:00,Monday
16,4,10:00,Monday
17,4,11:00,Monday
18,4,15:00,Monday
19,4,14:00,Monday
20,4,16:00,Monday
21,5,11:00,Monday
22,5,20:00,Monday
23,5,15:00,Monday
24,6,19:00,Monday
25,6,16:00,Monday
26,6,13:00,Monday
27,6,18:00,Monday
28,7,20:00,Monday
29,7,16:00,Monday
30,8,11:00,Monday
31,8,13:00,Monday
32,8,15:00,Monday
33,8,12:00,Monday
34,8,20:00,Monday
35,9,11:00,Monday
36,9,09:00,Monday
37,9,14:00,Monday
38,9,20:00,Monday
39,9,18:00,Monday
40,9,10:00,Monday
41,10,14:00,Monday
42,10,11:00,Monday
43,10,16:00,Monday
44,10,09:00,Monday
45,10,10:00,Monday
46,10,12:00,Monday
47,10,20:00,Monday
48,11,11:00,Monday
49,11,16:00,Monday
50,11,10:00,Monday
51,11,14:00,Monday
52,11,09:00,Monday
53,11,12:00,Monday
54,12,15:00,Monday
55,12,17:00,Monday
56,12,18:00,Monday
57,12,14:00,Monday
58,12,11:00,Monday
59,12,20:00,Monday
60,12,10:00,Monday
61,13,11:00,Monday
62,13,18:00,Monday
63,14,10:00,Monday
64,14,14:00,Monday
65,15,15:00,Monday
66,15,09:00,Monday
67,15,11:00,Monday
68,15,18:00,Monday
69,17,13:00,Monday
70,18,20:00,Monday
71,18,13:00,Monday
72,18,19:00,Monday
73,18,18:00,Monday
74,18,15:00,Monday
75,18,17:00,Monday
76,18,09:00,Monday
77,18,10:00,Monday
78,19,14:00,Monday
79,19,12:00,Monday
80,19,16:00,Monday
81,20,10:00,Monday
82,20,12:00,Monday
83,20,17:00,Monday
84,20,13:00,Monday
85,20,18:00,Monday
86,21,16:00,Monday
87,21,19:00,Monday
88,22,12:00,Monday
89,22,14:00,Monday
90,23,10:00,Monday
91,23,12:00,Monday
92,23,19:00,Monday
93,24,10:00,Monday
94,24,19:00,Monday
95,24,16:00,Monday
96,24,20:00,Monday
97,25,11:00,Monday
98,25,17:00,Monday
99,26,10:00,Monday
100,27,09:00,Monday
101,27,13:00,Monday
102,27,17:00,Monday
103,27,16:00,Monday
104,28,12:00,Monday
105,28,15:00,Monday
106,28,13:00,Monday
107,29,09:00,Monday
108,29,13:00,Monday
109,29,18:00,Monday
110,29,20:00,Monday
111,30,15:00,Monday
112,30,17:00,Monday
113,30,13:00,Monday
114,30,10:00,Monday
115,30,09:00,Monday
116,30,11:00,Monday
117,30,20:00,Monday
118,31,17:00,Monday
119,32,16:00,Monday
120,33,20:00,Monday
121,33,10:00,Monday
122,33,12:00,Monday
123,33,13:00,Monday
124,33,11:00,Monday
125,33,17:00,Monday
126,34,20:00,Monday
127,34,11:00,Monday
128,34,15:00,Monday
129,34,18:00,Monday
130,35,17:00,Monday
131,35,18:00,Monday
132,35,20:00,Monday
133,35,12:00,Monday
134,36,12:00,Monday
135,36,15:00,Monday
136,36,14:00,Monday
137,36,19:00,Monday
138,36,20:00,Monday
139,36,10:00,Monday
140,37,09:00,Monday
141,37,15:00,Monday
142,39,09:00,Monday
143,39,14:00,Monday
144,39,12:00,Monday
145,39,19:00,Monday
146,40,15:00,Monday
147,40,18:00,Monday
148,41,17:00,Monday
149,41,11:00,Monday
150,41,20:00,Monday
151,41,13:00,Monday
152,41,10:00,Monday
153,41,18:00,Monday
154,41,15:00,Monday
155,41,14:00,Monday
156,42,09:00,Monday
157,42,10:00,Monday
158,42,15:00,Monday
159,42,17:00,Monday
160,42,16:00,Monday
161,42,19:00,Monday
162,43,20:00,Monday
163,43,09:00,Monday
164,43,19:00,Monday
165,43,15:00,Monday
166,44,20:00,Monday
167,44,16:00,Monday
168,44,17:00,Monday
169,44,12:00,Monday
170,44,13:00,Monday
171,45,19:00,Monday
172,45,09:00,Monday
173,45,16:00,Monday
174,45,12:00,Monday
175,45,10:00,Monday
176,46,11:00,Monday
177,46,09:00,Monday
178,46,12:00,Monday
179,46,20:00,Monday
180,46,16:00,Monday
181,46,17:00,Monday
182,46,13:00,Monday
183,47,20:00,Monday
184,47,10:00,Monday
185,47,15:00,Monday
186,47,09:00,Monday
187,47,19:00,Monday
188,47,17:00,Monday
189,47,16:00,Monday
190,47,14:00,Monday
191,49,16:00,Monday
192,49,15:00,Monday
193,49,19:00,Monday
194,49,11:00,Monday
195,49,10:00,Monday
196,49,12:00,Monday
197,49,09:00,Monday
198,50,09:00,Monday
199,50,16:00,Monday
200,51,10:00,Monday
201,51,12:00,Monday
202,51,20:00,Monday
203,51,16:00,Monday
204,51,14:00,Monday
205,51,11:00,Monday
206,52,11:00,Monday
207,52,12:00,Monday
208,52,19:00,Monday
209,52,14:00,Monday
210,52,10:00,Monday
211,53,10:00,Monday
212,53,11:00,Monday
213,53,13:00,Monday
214,53,17:00,Monday
215,53,14:00,Monday
216,53,20:00,Monday
217,53,19:00,Monday
218,54,18:00,Monday
219,54,16:00,Monday
220,55,20:00,Monday
221,55,10:00,Monday
222,55,09:00,Monday
223,56,13:00,Monday
224,56,12:00,Monday
225,56,20:00,Monday
226,56,19:00,Monday
227,56,11:00,Monday
228,56,16:00,Monday
229,57,18:00,Monday
230,57,15:00,Monday
231,57,10:00,Monday
232,57,20:00,Monday
233,58,13:00,Monday
234,58,16:00,Monday
235,58,10:00,Monday
236,58,15:00,Monday
237,59,09:00,Monday
238,59,20:00,Monday
239,59,17:00,Monday
240,59,18:00,Monday
241,59,16:00,Monday
242,59,12:00,Monday
243,60,14:00,Monday
244,60,10:00,Monday
245,61,16:00,Monday
246,61,15:00,Monday
247,61,18:00,Monday
248,61,19:00,Monday
249,61,09:00,Monday
250,61,11:00,Monday
251,61,17:00,Monday
252,62,17:00,Monday
253,62,14:00,Monday
254,62,20:00,Monday
255,62,15:00,Monday
256,62,13:00,Monday
257,62,09:00,Monday
258,63,12:00,Monday
259,63,15:00,Monday
260,63,17:00,Monday
261,63,14:00,Monday
262,63,20:00,Monday
263,63,18:00,Monday
264,63,10:00,Monday
265,64,16:00,Monday
266,64,09:00,Monday
267,64,11:00,Monday
268,65,17:00,Monday
269,65,19:00,Monday
270,65,12:00,Monday
271,66,11:00,Monday
272,66,20:00,Monday
273,66,18:00,Monday
274,66,17:00,Monday
275,66,09:00,Monday
276,66,16:00,Monday
277,66,14:00,Monday
278,66,13:00,Monday
279,67,12:00,Monday
280,67,17:00,Monday
281,67,11:00,Monday
282,67,10:00,Monday
283,67,09:00,Monday
284,68,14:00,Monday
285,68,16:00,Monday
286,68,20:00,Monday
287,69,13:00,Monday
288,70,12:00,Monday
289,70,11:00,Monday
290,70,17:00,Monday
291,70,18:00,Monday
292,71,10:00,Monday
293,71,09:00,Monday
294,72,15:00,Monday
295,72,13:00,Monday
296,73,14:00,Monday
297,73,16:00,Monday
298,73,10:00,Monday
299,73,09:00,Monday
300,73,20:00,Monday
301,73,11:00,Monday
302,74,18:00,Monday
303,74,11:00,Monday
304,74,15:00,Monday
305,74,17:00,Monday
306,75,15:00,Monday
307,75,12:00,Monday
308,75,20:00,Monday
309,76,20:00,Monday
310,76,17:00,Monday
311,76,12:00,Monday
312,76,16:00,Monday
313,76,14:00,Monday
314,76,18:00,Monday
315,76,19:00,Monday
316,78,09:00,Monday
317,78,11:00,Monday
318,78,12:00,Monday
319,78,15:00,Monday
320,79,14:00,Monday
321,79,15:00,Monday
322,79,11:00,Monday
323,79,19:00,Monday
324,80,17:00,Monday
325,80,18:00,Monday
326,80,16:00,Monday
327,80,10:00,Monday
328,80,09:00,Monday
329,80,12:00,Monday
330,80,15:00,Monday
331,80,19:00,Monday
332,81,16:00,Monday
333,81,18:00,Monday
334,81,09:00,Monday
335,81,20:00,Monday
336,81,13:00,Monday
337,81,19:00,Monday
338,81,14:00,Monday
339,82,15:00,Monday
340,82,10:00,Monday
341,82,16:00,Monday
342,83,15:00,Monday
343,83,11:00,Monday
344,83,13:00,Monday
345,83,19:00,Monday
346,83,20:00,Monday
347,84,15:00,Monday
348,84,16:00,Monday
349,84,20:00,Monday
350,84,14:00,Monday
351,84,09:00,Monday
352,85,10:00,Monday
353,85,20:00,Monday
354,85,17:00,Monday
355,85,13:00,Monday
356,85,09:00,Monday
357,86,09:00,Monday
358,86,18:00,Monday
359,86,12:00,Monday
360,86,15:00,Monday
361,86,20:00,Monday
362,86,13:00,Monday
363,86,11:00,Monday
364,87,15:00,Monday
365,87,20:00,Monday
366,87,14:00,Monday
367,87,13:00,Monday
368,87,12:00,Monday
369,87,16:00,Monday
370,88,10:00,Monday
371,88,20:00,Monday
372,88,09:00,Monday
373,88,16:00,Monday
374,89,13:00,Monday
375,89,16:00,Monday
376,89,19:00,Monday
377,89,15:00,Monday
378,89,12:00,Monday
379,89,09:00,Monday
380,89,10:00,Monday
381,92,14:00,Monday
382,92,18:00,Monday
383,92,10:00,Monday
384,92,09:00,Monday
385,93,15:00,Monday
386,94,17:00,Monday
387,94,13:00,Monday
388,94,12:00,Monday
389,94,10:00,Monday
390,94,15:00,Monday
391,95,15:00,Monday
392,96,18:00,Monday
393,96,20:00,Monday
394,96,15:00,Monday
395,96,09:00,Monday
396,96,17:00,Monday
397,96,14:00,Monday
398,97,11:00,Monday
399,97,19:00,Monday
400,97,09:00,Monday
401,97,17:00,Monday
402,97,14:00,Monday
403,97,16:00,Monday
404,98,16:00,Monday
405,98,11:00,Monday
406,99,17:00,Monday
407,101,19:00,Monday
408,102,17:00,Monday
409,102,15:00,Monday
410,102,10:00,Monday
411,103,17:00,Monday
412,103,13:00,Monday
413,103,11:00,Monday
414,104,20:00,Monday
415,104,18:00,Monday
416,104,12:00,Monday
417,104,19:00,Monday
418,1,11:00,Tuesday
419,1,10:00,Tuesday
420,2,19:00,Tuesday
421,2,17:00,Tuesday
422,3,14:00,Tuesday
423,4,16:00,Tuesday
424,6,09:00,Tuesday
425,6,20:00,Tuesday
426,6,17:00,Tuesday
427,6,15:00,Tuesday
428,6,14:00,Tuesday
429,6,13:00,Tuesday
430,7,10:00,Tuesday
431,7,13:00,Tuesday
432,7,17:00,Tuesday
433,7,16:00,Tuesday
434,8,18:00,Tuesday
435,8,12:00,Tuesday
436,8,17:00,Tuesday
437,8,20:00,Tuesday
438,8,16:00,Tuesday
439,8,09:00,Tuesday
440,8,13:00,Tuesday
441,9,15:00,Tuesday
442,9,18:00,Tuesday
443,9,20:00,Tuesday
444,9,19:00,Tuesday
445,9,11:00,Tuesday
446,10,17:00,Tuesday
447,10,13:00,Tuesday
448,10,16:00,Tuesday
449,11,16:00,Tuesday
450,11,14:00,Tuesday
451,12,17:00,Tuesday
452,13,13:00,Tuesday
453,13,19:00,Tuesday
454,13,17:00,Tuesday
455,13,11:00,Tuesday
456,13,10:00,Tuesday
457,13,14:00,Tuesday
458,14,18:00,Tuesday
459,14,12:00,Tuesday
460,14,10:00,Tuesday
461,14,11:00,Tuesday
462,14,09:00,Tuesday
463,15,14:00,Tuesday
464,15,17:00,Tuesday
465,15,12:00,Tuesday
466,16,19:00,Tuesday
467,16,09:00,Tuesday
468,16,14:00,Tuesday
469,16,20:00,Tuesday
470,17,12:00,Tuesday
471,17,10:00,Tuesday
472,17,14:00,Tuesday
473,17,19:00,Tuesday
474,17,13:00,Tuesday
475,18,15:00,Tuesday
476,19,11:00,Tuesday
477,19,19:00,Tuesday
478,19,15:00,Tuesday
479,19,18:00,Tuesday
480,20,10:00,Tuesday
481,20,13:00,Tuesday
482,20,16:00,Tuesday
483,21,10:00,Tuesday
484,22,15:00,Tuesday
485,22,18:00,Tuesday
486,23,12:00,Tuesday
487,23,13:00,Tuesday
488,23,17:00,Tuesday
489,23,10:00,Tuesday
490,24,13:00,Tuesday
491,24,16:00,Tuesday
492,24,15:00,Tuesday
493,24,11:00,Tuesday
494,24,20:00,Tuesday
495,24,18:00,Tuesday
496,25,09:00,Tuesday
497,25,14:00,Tuesday
498,25,20:00,Tuesday
499,25,15:00,Tuesday
500,25,12:00,Tuesday
501,27,17:00,Tuesday
502,27,11:00,Tuesday
503,28,17:00,Tuesday
504,29,11:00,Tuesday
505,29,18:00,Tuesday
506,29,13:00,Tuesday
507,29,10:00,Tuesday
508,29,15:00,Tuesday
509,29,20:00,Tuesday
510,29,19:00,Tuesday
511,30,16:00,Tuesday
512,30,09:00,Tuesday
513,30,17:00,Tuesday
514,30,18:00,Tuesday
515,30,11:00,Tuesday
516,30,10:00,Tuesday
517,30,20:00,Tuesday
518,31,11:00,Tuesday
519,31,13:00,Tuesday
520,31,20:00,Tuesday
521,31,15:00,Tuesday
522,31,16:00,Tuesday
523,31,12:00,Tuesday
524,31,09:00,Tuesday
525,32,14:00,Tuesday
526,32,15:00,Tuesday
527,32,17:00,Tuesday
528,34,18:00,Tuesday
529,34,10:00,Tuesday
530,34,13:00,Tuesday
531,35,19:00,Tuesday
532,35,15:00,Tuesday
533,36,12:00,Tuesday
534,37,12:00,Tuesday
535,38,10:00,Tuesday
536,38,18:00,Tuesday
537,38,20:00,Tuesday
538,38,09:00,Tuesday
539,39,17:00,Tuesday
540,39,14:00,Tuesday
541,40,10:00,Tuesday
542,40,14:00,Tuesday
543,40,20:00,Tuesday
544,40,13:00,Tuesday
545,40,11:00,Tuesday
546,40,09:00,Tuesday
547,42,17:00,Tuesday
548,43,14:00,Tuesday
549,44,11:00,Tuesday
550,44,13:00,Tuesday
551,44,15:00,Tuesday
552,45,15:00,Tuesday
553,45,18:00,Tuesday
554,45,14:00,Tuesday
555,45,13:00,Tuesday
556,45,12:00,Tuesday
557,46,18:00,Tuesday
558,46,14:00,Tuesday
559,46,10:00,Tuesday
560,46,19:00,Tuesday
561,46,20:00,Tuesday
562,46,13:00,Tuesday
563,46,09:00,Tuesday
564,47,18:00,Tuesday
565,47,19:00,Tuesday
566,47,11:00,Tuesday
567,47,20:00,Tuesday
568,48,09:00,Tuesday
569,48,13:00,Tuesday
570,48,19:00,Tuesday
571,48,10:00,Tuesday
572,48,15:00,Tuesday
573,48,18:00,Tuesday
574,48,11:00,Tuesday
575,49,19:00,Tuesday
576,49,17:00,Tuesday
577,49,09:00,Tuesday
578,49,16:00,Tuesday
579,49,14:00,Tuesday
580,49,13:00,Tuesday
581,50,13:00,Tuesday
582,51,15:00,Tuesday
583,51,09:00,Tuesday
584,51,17:00,Tuesday
585,51,10:00,Tuesday
586,51,16:00,Tuesday
587,51,19:00,Tuesday
588,51,12:00,Tuesday
589,52,11:00,Tuesday
590,52,12:00,Tuesday
591,52,14:00,Tuesday
592,52,20:00,Tuesday
593,53,13:00,Tuesday
594,53,18:00,Tuesday
595,53,20:00,Tuesday
596,53,12:00,Tuesday
597,53,17:00,Tuesday
598,53,16:00,Tuesday
599,53,11:00,Tuesday
600,54,17:00,Tuesday
601,54,11:00,Tuesday
602,54,13:00,Tuesday
603,55,10:00,Tuesday
604,55,14:00,Tuesday
605,55,12:00,Tuesday
606,55,15:00,Tuesday
607,55,11:00,Tuesday
608,57,09:00,Tuesday
609,57,20:00,Tuesday
610,57,12:00,Tuesday
611,57,19:00,Tuesday
612,57,10:00,Tuesday
613,58,13:00,Tuesday
614,58,16:00,Tuesday
615,58,12:00,Tuesday
616,58,11:00,Tuesday
617,61,10:00,Tuesday
618,61,20:00,Tuesday
619,61,09:00,Tuesday
620,61,13:00,Tuesday
621,61,11:00,Tuesday
622,61,16:00,Tuesday
623,62,18:00,Tuesday
624,62,20:00,Tuesday
625,63,10:00,Tuesday
626,64,13:00,Tuesday
627,64,20:00,Tuesday
628,64,15:00,Tuesday
629,65,18:00,Tuesday
630,65,11:00,Tuesday
631,65,13:00,Tuesday
632,65,14:00,Tuesday
633,65,12:00,Tuesday
634,65,10:00,Tuesday
635,65,16:00,Tuesday
636,65,09:00,Tuesday
637,66,16:00,Tuesday
638,66,17:00,Tuesday
639,66,13:00,Tuesday
640,67,11:00,Tuesday
641,68,11:00,Tuesday
642,68,15:00,Tuesday
643,70,09:00,Tuesday
644,70,20:00,Tuesday
645,70,12:00,Tuesday
646,70,10:00,Tuesday
647,70,19:00,Tuesday
648,70,13:00,Tuesday
649,71,19:00,Tuesday
650,71,20:00,Tuesday
651,71,11:00,Tuesday
652,71,15:00,Tuesday
653,71,13:00,Tuesday
654,72,10:00,Tuesday
655,72,20:00,Tuesday
656,73,13:00,Tuesday
657,73,10:00,Tuesday
658,73,12:00,Tuesday
659,73,18:00,Tuesday
660,73,16:00,Tuesday
661,73,19:00,Tuesday
662,74,19:00,Tuesday
663,74,15:00,Tuesday
664,74,10:00,Tuesday
665,75,11:00,Tuesday
666,75,16:00,Tuesday
667,75,20:00,Tuesday
668,75,18:00,Tuesday
669,75,17:00,Tuesday
670,75,19:00,Tuesday
671,76,13:00,Tuesday
672,76,20:00,Tuesday
673,77,12:00,Tuesday
674,77,16:00,Tuesday
675,77,10:00,Tuesday
676,77,14:00,Tuesday
677,77,18:00,Tuesday
678,77,17:00,Tuesday
679,78,18:00,Tuesday
680,78,11:00,Tuesday
681,79,10:00,Tuesday
682,79,17:00,Tuesday
683,79,20:00,Tuesday
684,79,16:00,Tuesday
685,79,18:00,Tuesday
686,80,18:00,Tuesday
687,80,13:00,Tuesday
688,80,10:00,Tuesday
689,80,15:00,Tuesday
690,80,19:00,Tuesday
691,80,09:00,Tuesday
692,81,09:00,Tuesday
693,81,10:00,Tuesday
694,81,20:00,Tuesday
695,82,16:00,Tuesday
696,82,15:00,Tuesday
697,82,11:00,Tuesday
698,83,19:00,Tuesday
699,83,20:00,Tuesday
700,83,18:00,Tuesday
701,84,09:00,Tuesday
702,84,12:00,Tuesday
703,84,20:00,Tuesday
704,84,17:00,Tuesday
705,84,19:00,Tuesday
706,85,18:00,Tuesday
707,85,11:00,Tuesday
708,85,12:00,Tuesday
709,85,20:00,Tuesday
710,85,17:00,Tuesday
711,86,13:00,Tuesday
712,86,11:00,Tuesday
713,86,17:00,Tuesday
714,86,19:00,Tuesday
715,86,15:00,Tuesday
716,86,14:00,Tuesday
717,87,15:00,Tuesday
718,87,12:00,Tuesday
719,87,17:00,Tuesday
720,87,11:00,Tuesday
721,87,14:00,Tuesday
722,87,20:00,Tuesday
723,88,11:00,Tuesday
724,88,09:00,Tuesday
725,88,14:00,Tuesday
726,88,12:00,Tuesday
727,88,13:00,Tuesday
728,88,18:00,Tuesday
729,88,19:00,Tuesday
730,88,17:00,Tuesday
731,88,20:00,Tuesday
732,89,18:00,Tuesday
733,89,09:00,Tuesday
734,89,15:00,Tuesday
735,91,10:00,Tuesday
736,91,13:00,Tuesday
737,91,14:00,Tuesday
738,91,09:00,Tuesday
739,91,18:00,Tuesday
740,92,11:00,Tuesday
741,92,12:00,Tuesday
742,92,16:00,Tuesday
743,93,14:00,Tuesday
744,93,09:00,Tuesday
745,93,16:00,Tuesday
746,93,20:00,Tuesday
747,93,13:00,Tuesday
748,93,10:00,Tuesday
749,94,18:00,Tuesday
750,94,13:00,Tuesday
751,94,17:00,Tuesday
752,94,12:00,Tuesday
753,95,16:00,Tuesday
754,95,17:00,Tuesday
755,95,15:00,Tuesday
756,95,20:00,Tuesday
757,95,12:00,Tuesday
758,95,19:00,Tuesday
759,96,17:00,Tuesday
760,96,12:00,Tuesday
761,96,09:00,Tuesday
762,96,20:00,Tuesday
763,96,16:00,Tuesday
764,97,18:00,Tuesday
765,97,17:00,Tuesday
766,97,11:00,Tuesday
767,98,10:00,Tuesday
768,98,14:00,Tuesday
769,98,09:00,Tuesday
770,98,11:00,Tuesday
771,99,16:00,Tuesday
772,100,18:00,Tuesday
773,100,09:00,Tuesday
774,100,17:00,Tuesday
775,100,19:00,Tuesday
776,100,12:00,Tuesday
777,100,13:00,Tuesday
778,100,20:00,Tuesday
779,100,16:00,Tuesday
780,101,17:00,Tuesday
781,102,14:00,Tuesday
782,102,19:00,Tuesday
783,102,10:00,Tuesday
784,102,18:00,Tuesday
785,102,20:00,Tuesday
786,103,20:00,Tuesday
787,103,19:00,Tuesday
788,104,10:00,Tuesday
789,104,18:00,Tuesday
790,104,16:00,Tuesday
791,104,15:00,Tuesday
792,104,19:00,Tuesday
793,104,17:00,Tuesday
794,104,13:00,Tuesday
795,1,17:00,Wednesday
796,1,19:00,Wednesday
797,1,12:00,Wednesday
798,1,20:00,Wednesday
799,1,09:00,Wednesday
800,1,18:00,Wednesday
801,1,15:00,Wednesday
802,3,20:00,Wednesday
803,3,13:00,Wednesday
804,3,09:00,Wednesday
805,3,14:00,Wednesday
806,3,19:00,Wednesday
807,3,11:00,Wednesday
808,4,15:00,Wednesday
809,5,10:00,Wednesday
810,5,09:00,Wednesday
811,5,19:00,Wednesday
812,5,11:00,Wednesday
813,5,20:00,Wednesday
814,5,16:00,Wednesday
815,6,20:00,Wednesday
816,6,18:00,Wednesday
817,8,19:00,Wednesday
818,8,12:00,Wednesday
819,8,10:00,Wednesday
820,8,18:00,Wednesday
821,8,14:00,Wednesday
822,8,17:00,Wednesday
823,8,16:00,Wednesday
824,9,20:00,Wednesday
825,9,09:00,Wednesday
826,9,14:00,Wednesday
827,9,11:00,Wednesday
828,9,16:00,Wednesday
829,9,13:00,Wednesday
830,10,16:00,Wednesday
831,10,15:00,Wednesday
832,10,10:00,Wednesday
833,10,09:00,Wednesday
834,10,14:00,Wednesday
835,10,12:00,Wednesday
836,11,11:00,Wednesday
837,11,09:00,Wednesday
838,11,16:00,Wednesday
839,11,18:00,Wednesday
840,11,19:00,Wednesday
841,12,18:00,Wednesday
842,12,12:00,Wednesday
843,14,17:00,Wednesday
844,14,13:00,Wednesday
845,14,18:00,Wednesday
846,14,09:00,Wednesday
847,14,11:00,Wednesday
848,14,20:00,Wednesday
849,14,10:00,Wednesday
850,14,19:00,Wednesday
851,14,14:00,Wednesday
852,15,16:00,Wednesday
853,15,10:00,Wednesday
854,15,14:00,Wednesday
855,15,13:00,Wednesday
856,16,15:00,Wednesday
857,16,16:00,Wednesday
858,17,16:00,Wednesday
859,18,20:00,Wednesday
860,18,15:00,Wednesday
861,19,20:00,Wednesday
862,19,09:00,Wednesday
863,19,19:00,Wednesday
864,19,12:00,Wednesday
865,19,15:00,Wednesday
866,20,13:00,Wednesday
867,20,11:00,Wednesday
868,21,19:00,Wednesday
869,21,12:00,Wednesday
870,21,17:00,Wednesday
871,21,14:00,Wednesday
872,21,11:00,Wednesday
873,22,19:00,Wednesday
874,22,15:00,Wednesday
875,22,14:00,Wednesday
876,23,09:00,Wednesday
877,23,20:00,Wednesday
878,23,17:00,Wednesday
879,23,10:00,Wednesday
880,23,14:00,Wednesday
881,23,19:00,Wednesday
882,24,19:00,Wednesday
883,25,14:00,Wednesday
884,25,13:00,Wednesday
885,26,11:00,Wednesday
886,26,18:00,Wednesday
887,26,14:00,Wednesday
888,26,19:00,Wednesday
889,26,09:00,Wednesday
890,26,16:00,Wednesday
891,26,10:00,Wednesday
892,26,12:00,Wednesday
893,27,11:00,Wednesday
894,27,12:00,Wednesday
895,29,12:00,Wednesday
896,29,16:00,Wednesday
897,29,19:00,Wednesday
898,29,20:00,Wednesday
899,30,20:00,Wednesday
900,30,18:00,Wednesday
901,30,13:00,Wednesday
902,31,17:00,Wednesday
903,31,14:00,Wednesday
904,31,16:00,Wednesday
905,31,15:00,Wednesday
906,31,11:00,Wednesday
907,31,20:00,Wednesday
908,31,19:00,Wednesday
909,33,18:00,Wednesday
910,33,20:00,Wednesday
911,33,12:00,Wednesday
912,33,15:00,Wednesday
913,33,16:00,Wednesday
914,34,14:00,Wednesday
915,34,20:00,Wednesday
916,34,12:00,Wednesday
917,34,17:00,Wednesday
918,34,18:00,Wednesday
919,34,09:00,Wednesday
920,34,13:00,Wednesday
921,35,10:00,Wednesday
922,35,14:00,Wednesday
923,36,15:00,Wednesday
924,36,17:00,Wednesday
925,36,12:00,Wednesday
926,36,18:00,Wednesday
927,36,09:00,Wednesday
928,37,14:00,Wednesday
929,39,20:00,Wednesday
930,39,16:00,Wednesday
931,39,14:00,Wednesday
932,39,12:00,Wednesday
933,39,11:00,Wednesday
934,40,11:00,Wednesday
935,40,09:00,Wednesday
936,40,13:00,Wednesday
937,40,10:00,Wednesday
938,40,14:00,Wednesday
939,41,10:00,Wednesday
940,42,13:00,Wednesday
941,42,15:00,Wednesday
942,42,11:00,Wednesday
943,43,18:00,Wednesday
944,43,20:00,Wednesday
945,43,17:00,Wednesday
946,43,14:00,Wednesday
947,43,09:00,Wednesday
948,43,16:00,Wednesday
949,43,15:00,Wednesday
950,43,12:00,Wednesday
951,44,14:00,Wednesday
952,44,20:00,Wednesday
953,44,18:00,Wednesday
954,44,19:00,Wednesday
955,44,11:00,Wednesday
956,45,13:00,Wednesday
957,45,17:00,Wednesday
958,47,11:00,Wednesday
959,47,16:00,Wednesday
960,47,18:00,Wednesday
961,49,20:00,Wednesday
962,49,09:00,Wednesday
963,49,10:00,Wednesday
964,50,19:00,Wednesday
965,50,20:00,Wednesday
966,52,14:00,Wednesday
967,52,13:00,Wednesday
968,52,09:00,Wednesday
969,52,20:00,Wednesday
970,53,13:00,Wednesday
971,53,14:00,Wednesday
972,55,14:00,Wednesday
973,56,10:00,Wednesday
974,56,09:00,Wednesday
975,56,19:00,Wednesday
976,56,15:00,Wednesday
977,57,09:00,Wednesday
978,57,12:00,Wednesday
979,57,17:00,Wednesday
980,57,18:00,Wednesday
981,57,10:00,Wednesday
982,58,10:00,Wednesday
983,58,20:00,Wednesday
984,58,15:00,Wednesday
985,58,16:00,Wednesday
986,58,11:00,Wednesday
987,59,18:00,Wednesday
988,59,17:00,Wednesday
989,59,20:00,Wednesday
990,59,10:00,Wednesday
991,60,20:00,Wednesday
992,60,19:00,Wednesday
993,60,09:00,Wednesday
994,60,15:00,Wednesday
995,60,18:00,Wednesday
996,61,20:00,Wednesday
997,61,13:00,Wednesday
998,61,11:00,Wednesday
999,61,19:00,Wednesday
1000,61,09:00,Wednesday
1001,61,12:00,Wednesday
1002,62,17:00,Wednesday
1003,62,20:00,Wednesday
1004,62,16:00,Wednesday
1005,62,09:00,Wednesday
1006,63,10:00,Wednesday
1007,63,16:00,Wednesday
1008,63,09:00,Wednesday
1009,63,12:00,Wednesday
1010,63,17:00,Wednesday
1011,64,17:00,Wednesday
1012,64,14:00,Wednesday
1013,64,16:00,Wednesday
1014,64,10:00,Wednesday
1015,64,09:00,Wednesday
1016,65,16:00,Wednesday
1017,65,13:00,Wednesday
1018,65,15:00,Wednesday
1019,65,12:00,Wednesday
1020,65,20:00,Wednesday
1021,67,17:00,Wednesday
1022,67,20:00,Wednesday
1023,67,12:00,Wednesday
1024,67,10:00,Wednesday
1025,67,11:00,Wednesday
1026,67,15:00,Wednesday
1027,68,10:00,Wednesday
1028,69,13:00,Wednesday
1029,69,17:00,Wednesday
1030,69,16:00,Wednesday
1031,69,19:00,Wednesday
1032,70,11:00,Wednesday
1033,70,16:00,Wednesday
1034,70,10:00,Wednesday
1035,70,20:00,Wednesday
1036,70,19:00,Wednesday
1037,70,18:00,Wednesday
1038,70,17:00,Wednesday
1039,70,13:00,Wednesday
1040,71,09:00,Wednesday
1041,71,18:00,Wednesday
1042,71,13:00,Wednesday
1043,71,16:00,Wednesday
1044,71,11:00,Wednesday
1045,72,18:00,Wednesday
1046,72,12:00,Wednesday
1047,72,14:00,Wednesday
1048,72,13:00,Wednesday
1049,72,16:00,Wednesday
1050,72,11:00,Wednesday
1051,72,20:00,Wednesday
1052,73,09:00,Wednesday
1053,73,19:00,Wednesday
1054,73,10:00,Wednesday
1055,73,17:00,Wednesday
1056,73,13:00,Wednesday
1057,74,19:00,Wednesday
1058,75,15:00,Wednesday
1059,75,11:00,Wednesday
1060,75,20:00,Wednesday
1061,75,12:00,Wednesday
1062,77,12:00,Wednesday
1063,77,20:00,Wednesday
1064,77,14:00,Wednesday
1065,78,11:00,Wednesday
1066,78,10:00,Wednesday
1067,78,15:00,Wednesday
1068,79,11:00,Wednesday
1069,79,12:00,Wednesday
1070,79,15:00,Wednesday
1071,79,13:00,Wednesday
1072,79,09:00,Wednesday
1073,79,19:00,Wednesday
1074,79,20:00,Wednesday
1075,80,11:00,Wednesday
1076,80,10:00,Wednesday
1077,80,16:00,Wednesday
1078,80,13:00,Wednesday
1079,80,17:00,Wednesday
1080,81,17:00,Wednesday
1081,81,10:00,Wednesday
1082,81,09:00,Wednesday
1083,81,15:00,Wednesday
1084,81,12:00,Wednesday
1085,81,20:00,Wednesday
1086,81,14:00,Wednesday
1087,81,18:00,Wednesday
1088,82,20:00,Wednesday
1089,82,19:00,Wednesday
1090,82,17:00,Wednesday
1091,83,17:00,Wednesday
1092,83,15:00,Wednesday
1093,83,14:00,Wednesday
1094,83,10:00,Wednesday
1095,84,18:00,Wednesday
1096,84,11:00,Wednesday
1097,84,12:00,Wednesday
1098,84,14:00,Wednesday
1099,84,15:00,Wednesday
1100,84,19:00,Wednesday
1101,85,18:00,Wednesday
1102,85,11:00,Wednesday
1103,86,11:00,Wednesday
1104,86,16:00,Wednesday
1105,86,19:00,Wednesday
1106,86,10:00,Wednesday
1107,86,12:00,Wednesday
1108,86,15:00,Wednesday
1109,87,20:00,Wednesday
1110,87,16:00,Wednesday
1111,87,15:00,Wednesday
1112,87,13:00,Wednesday
1113,88,17:00,Wednesday
1114,88,18:00,Wednesday
1115,88,13:00,Wednesday
1116,89,19:00,Wednesday
1117,89,17:00,Wednesday
1118,89,18:00,Wednesday
1119,89,14:00,Wednesday
1120,90,20:00,Wednesday
1121,90,11:00,Wednesday
1122,90,12:00,Wednesday
1123,92,09:00,Wednesday
1124,92,11:00,Wednesday
1125,92,19:00,Wednesday
1126,92,17:00,Wednesday
1127,92,16:00,Wednesday
1128,92,20:00,Wednesday
1129,92,10:00,Wednesday
1130,92,14:00,Wednesday
1131,93,15:00,Wednesday
1132,93,10:00,Wednesday
1133,93,16:00,Wednesday
1134,93,17:00,Wednesday
1135,93,09:00,Wednesday
1136,93,12:00,Wednesday
1137,93,18:00,Wednesday
1138,94,12:00,Wednesday
1139,94,19:00,Wednesday
1140,94,18:00,Wednesday
1141,94,14:00,Wednesday
1142,94,17:00,Wednesday
1143,94,11:00,Wednesday
1144,95,13:00,Wednesday
1145,96,13:00,Wednesday
1146,96,09:00,Wednesday
1147,96,10:00,Wednesday
1148,96,15:00,Wednesday
1149,96,14:00,Wednesday
1150,96,12:00,Wednesday
1151,97,20:00,Wednesday
1152,97,12:00,Wednesday
1153,97,18:00,Wednesday
1154,97,13:00,Wednesday
1155,97,19:00,Wednesday
1156,98,18:00,Wednesday
1157,98,14:00,Wednesday
1158,98,15:00,Wednesday
1159,98,11:00,Wednesday
1160,99,12:00,Wednesday
1161,99,20:00,Wednesday
1162,99,15:00,Wednesday
1163,99,17:00,Wednesday
1164,99,18:00,Wednesday
1165,99,19:00,Wednesday
1166,99,14:00,Wednesday
1167,99,10:00,Wednesday
1168,100,11:00,Wednesday
1169,100,19:00,Wednesday
1170,100,17:00,Wednesday
1171,100,16:00,Wednesday
1172,101,11:00,Wednesday
1173,102,10:00,Wednesday
1174,102,13:00,Wednesday
1175,102,18:00,Wednesday
1176,102,09:00,Wednesday
1177,102,12:00,Wednesday
1178,103,13:00,Wednesday
1179,103,17:00,Wednesday
1180,103,20:00,Wednesday
1181,103,14:00,Wednesday
1182,103,15:00,Wednesday
1183,103,18:00,Wednesday
1184,103,10:00,Wednesday
1185,104,18:00,Wednesday
1186,104,09:00,Wednesday
1187,104,17:00,Wednesday
1188,104,14:00,Wednesday
1189,104,12:00,Wednesday
1190,104,20:00,Wednesday
1191,104,16:00,Wednesday
1192,1,17:00,Thursday
1193,1,19:00,Thursday
1194,1,11:00,Thursday
1195,1,09:00,Thursday
1196,1,16:00,Thursday
1197,1,10:00,Thursday
1198,1,12:00,Thursday
1199,1,15:00,Thursday
1200,2,17:00,Thursday
1201,3,11:00,Thursday
1202,3,15:00,Thursday
1203,4,18:00,Thursday
1204,4,17:00,Thursday
1205,5,10:00,Thursday
1206,5,16:00,Thursday
1207,5,17:00,Thursday
1208,5,15:00,Thursday
1209,6,13:00,Thursday
1210,7,17:00,Thursday
1211,7,19:00,Thursday
1212,7,10:00,Thursday
1213,7,09:00,Thursday
1214,7,12:00,Thursday
1215,8,16:00,Thursday
1216,9,20:00,Thursday
1217,9,11:00,Thursday
1218,9,09:00,Thursday
1219,9,14:00,Thursday
1220,9,19:00,Thursday
1221,9,12:00,Thursday
1222,10,20:00,Thursday
1223,10,11:00,Thursday
1224,11,18:00,Thursday
1225,11,15:00,Thursday
1226,12,19:00,Thursday
1227,12,10:00,Thursday
1228,12,15:00,Thursday
1229,12,12:00,Thursday
1230,13,15:00,Thursday
1231,13,09:00,Thursday
1232,13,20:00,Thursday
1233,13,17:00,Thursday
1234,13,18:00,Thursday
1235,14,13:00,Thursday
1236,14,12:00,Thursday
1237,14,14:00,Thursday
1238,14,17:00,Thursday
1239,15,18:00,Thursday
1240,16,10:00,Thursday
1241,17,17:00,Thursday
1242,17,14:00,Thursday
1243,17,11:00,Thursday
1244,17,12:00,Thursday
1245,17,16:00,Thursday
1246,17,13:00,Thursday
1247,20,09:00,Thursday
1248,20,17:00,Thursday
1249,20,11:00,Thursday
1250,20,13:00,Thursday
1251,20,16:00,Thursday
1252,20,10:00,Thursday
1253,21,17:00,Thursday
1254,21,12:00,Thursday
1255,21,11:00,Thursday
1256,22,20:00,Thursday
1257,24,13:00,Thursday
1258,24,17:00,Thursday
1259,24,15:00,Thursday
1260,24,10:00,Thursday
1261,24,09:00,Thursday
1262,24,12:00,Thursday
1263,24,14:00,Thursday
1264,24,16:00,Thursday
1265,26,09:00,Thursday
1266,27,10:00,Thursday
1267,27,15:00,Thursday
1268,27,16:00,Thursday
1269,27,20:00,Thursday
1270,27,13:00,Thursday
1271,28,10:00,Thursday
1272,28,16:00,Thursday
1273,28,09:00,Thursday
1274,28,17:00,Thursday
1275,28,11:00,Thursday
1276,28,13:00,Thursday
1277,30,18:00,Thursday
1278,30,19:00,Thursday
1279,30,16:00,Thursday
1280,30,15:00,Thursday
1281,30,17:00,Thursday
1282,30,12:00,Thursday
1283,30,14:00,Thursday
1284,30,11:00,Thursday
1285,31,09:00,Thursday
1286,31,20:00,Thursday
1287,31,11:00,Thursday
1288,31,14:00,Thursday
1289,31,10:00,Thursday
1290,31,12:00,Thursday
1291,31,19:00,Thursday
1292,31,15:00,Thursday
1293,32,20:00,Thursday
1294,32,17:00,Thursday
1295,32,14:00,Thursday
1296,33,17:00,Thursday
1297,33,11:00,Thursday
1298,33,16:00,Thursday
1299,33,14:00,Thursday
1300,33,09:00,Thursday
1301,33,12:00,Thursday
1302,33,18:00,Thursday
1303,34,17:00,Thursday
1304,34,16:00,Thursday
1305,34,11:00,Thursday
1306,34,15:00,Thursday
1307,34,13:00,Thursday
1308,34,10:00,Thursday
1309,35,12:00,Thursday
1310,35,20:00,Thursday
1311,35,19:00,Thursday
1312,35,17:00,Thursday
1313,35,15:00,Thursday
1314,35,13:00,Thursday
1315,35,16:00,Thursday
1316,36,19:00,Thursday
1317,36,12:00,Thursday
1318,36,16:00,Thursday
1319,38,17:00,Thursday
1320,38,15:00,Thursday
1321,38,12:00,Thursday
1322,38,20:00,Thursday
1323,38,13:00,Thursday
1324,39,20:00,Thursday
1325,39,10:00,Thursday
1326,39,15:00,Thursday
1327,39,18:00,Thursday
1328,39,16:00,Thursday
1329,39,17:00,Thursday
1330,40,18:00,Thursday
1331,40,19:00,Thursday
1332,40,09:00,Thursday
1333,41,17:00,Thursday
1334,41,12:00,Thursday
1335,41,18:00,Thursday
1336,41,16:00,Thursday
1337,41,13:00,Thursday
1338,41,09:00,Thursday
1339,41,10:00,Thursday
1340,42,14:00,Thursday
1341,42,13:00,Thursday
1342,42,10:00,Thursday
1343,42,16:00,Thursday
1344,43,13:00,Thursday
1345,43,19:00,Thursday
1346,44,13:00,Thursday
1347,45,18:00,Thursday
1348,45,17:00,Thursday
1349,45,15:00,Thursday
1350,45,19:00,Thursday
1351,45,20:00,Thursday
1352,45,16:00,Thursday
1353,45,10:00,Thursday
1354,45,09:00,Thursday
1355,46,17:00,Thursday
1356,46,19:00,Thursday
1357,46,18:00,Thursday
1358,46,20:00,Thursday
1359,47,20:00,Thursday
1360,47,18:00,Thursday
1361,47,14:00,Thursday
1362,47,10:00,Thursday
1363,47,11:00,Thursday
1364,48,20:00,Thursday
1365,48,17:00,Thursday
1366,48,11:00,Thursday
1367,50,11:00,Thursday
1368,50,13:00,Thursday
1369,51,20:00,Thursday
1370,51,17:00,Thursday
1371,51,16:00,Thursday
1372,51,18:00,Thursday
1373,51,09:00,Thursday
1374,51,19:00,Thursday
1375,51,12:00,Thursday
1376,52,15:00,Thursday
1377,53,14:00,Thursday
1378,53,20:00,Thursday
1379,54,20:00,Thursday
1380,54,19:00,Thursday
1381,54,17:00,Thursday
1382,54,10:00,Thursday
1383,54,16:00,Thursday
1384,54,18:00,Thursday
1385,54,15:00,Thursday
1386,54,14:00,Thursday
1387,55,11:00,Thursday
1388,55,16:00,Thursday
1389,55,09:00,Thursday
1390,55,19:00,Thursday
1391,56,16:00,Thursday
1392,56,17:00,Thursday
1393,56,18:00,Thursday
1394,56,13:00,Thursday
1395,56,19:00,Thursday
1396,56,20:00,Thursday
1397,56,14:00,Thursday
1398,57,14:00,Thursday
1399,57,17:00,Thursday
1400,57,10:00,Thursday
1401,57,15:00,Thursday
1402,58,18:00,Thursday
1403,58,15:00,Thursday
1404,58,09:00,Thursday
1405,58,13:00,Thursday
1406,58,10:00,Thursday
1407,59,11:00,Thursday
1408,60,12:00,Thursday
1409,60,09:00,Thursday
1410,61,20:00,Thursday
1411,61,11:00,Thursday
1412,63,09:00,Thursday
1413,64,15:00,Thursday
1414,64,12:00,Thursday
1415,64,19:00,Thursday
1416,64,16:00,Thursday
1417,65,20:00,Thursday
1418,65,19:00,Thursday
1419,65,18:00,Thursday
1420,65,12:00,Thursday
1421,65,10:00,Thursday
1422,66,18:00,Thursday
1423,66,11:00,Thursday
1424,66,17:00,Thursday
1425,66,16:00,Thursday
1426,66,09:00,Thursday
1427,66,13:00,Thursday
1428,66,19:00,Thursday
1429,67,15:00,Thursday
1430,67,13:00,Thursday
1431,68,18:00,Thursday
1432,68,13:00,Thursday
1433,68,12:00,Thursday
1434,69,19:00,Thursday
1435,69,14:00,Thursday
1436,69,12:00,Thursday
1437,69,11:00,Thursday
1438,70,12:00,Thursday
1439,70,16:00,Thursday
1440,70,14:00,Thursday
1441,70,13:00,Thursday
1442,70,15:00,Thursday
1443,70,19:00,Thursday
1444,71,15:00,Thursday
1445,72,10:00,Thursday
1446,72,19:00,Thursday
1447,72,09:00,Thursday
1448,72,13:00,Thursday
1449,72,18:00,Thursday
1450,72,14:00,Thursday
1451,73,11:00,Thursday
1452,74,14:00,Thursday
1453,74,11:00,Thursday
1454,74,19:00,Thursday
1455,74,16:00,Thursday
1456,74,13:00,Thursday
1457,75,17:00,Thursday
1458,75,19:00,Thursday
1459,75,11:00,Thursday
1460,75,20:00,Thursday
1461,75,16:00,Thursday
1462,75,10:00,Thursday
1463,75,09:00,Thursday
1464,76,15:00,Thursday
1465,76,17:00,Thursday
1466,77,20:00,Thursday
1467,77,16:00,Thursday
1468,77,18:00,Thursday
1469,77,10:00,Thursday
1470,77,13:00,Thursday
1471,78,13:00,Thursday
1472,78,16:00,Thursday
1473,79,09:00,Thursday
1474,79,10:00,Thursday
1475,80,14:00,Thursday
1476,80,19:00,Thursday
1477,80,20:00,Thursday
1478,80,16:00,Thursday
1479,80,10:00,Thursday
1480,82,20:00,Thursday
1481,82,14:00,Thursday
1482,83,16:00,Thursday
1483,83,20:00,Thursday
1484,83,13:00,Thursday
1485,84,17:00,Thursday
1486,84,14:00,Thursday
1487,85,12:00,Thursday
1488,85,14:00,Thursday
1489,85,13:00,Thursday
1490,86,09:00,Thursday
1491,86,15:00,Thursday
1492,86,20:00,Thursday
1493,86,17:00,Thursday
1494,86,18:00,Thursday
1495,87,13:00,Thursday
1496,87,15:00,Thursday
1497,88,18:00,Thursday
1498,90,15:00,Thursday
1499,90,14:00,Thursday
1500,90,09:00,Thursday
1501,90,13:00,Thursday
1502,91,10:00,Thursday
1503,91,17:00,Thursday
1504,91,18:00,Thursday
1505,91,12:00,Thursday
1506,91,20:00,Thursday
1507,91,14:00,Thursday
1508,91,15:00,Thursday
1509,91,13:00,Thursday
1510,92,17:00,Thursday
1511,92,19:00,Thursday
1512,93,11:00,Thursday
1513,93,16:00,Thursday
1514,95,14:00,Thursday
1515,95,12:00,Thursday
1516,95,20:00,Thursday
1517,95,10:00,Thursday
1518,95,19:00,Thursday
1519,95,09:00,Thursday
1520,97,11:00,Thursday
1521,97,15:00,Thursday
1522,97,14:00,Thursday
1523,97,19:00,Thursday
1524,98,15:00,Thursday
1525,98,10:00,Thursday
1526,98,09:00,Thursday
1527,99,16:00,Thursday
1528,99,09:00,Thursday
1529,99,19:00,Thursday
1530,99,13:00,Thursday
1531,100,20:00,Thursday
1532,100,14:00,Thursday
1533,102,12:00,Thursday
1534,102,09:00,Thursday
1535,102,20:00,Thursday
1536,102,16:00,Thursday
1537,102,10:00,Thursday
1538,103,09:00,Thursday
1539,104,17:00,Thursday
1540,104,10:00,Thursday
1541,104,19:00,Thursday
1542,1,13:00,Friday
1543,1,20:00,Friday
1544,1,12:00,Friday
1545,1,14:00,Friday
1546,1,10:00,Friday
1547,1,17:00,Friday
1548,2,17:00,Friday
1549,2,12:00,Friday
1550,2,10:00,Friday
1551,2,09:00,Friday
1552,2,15:00,Friday
1553,3,14:00,Friday
1554,3,10:00,Friday
1555,3,09:00,Friday
1556,3,15:00,Friday
1557,4,19:00,Friday
1558,5,11:00,Friday
1559,6,19:00,Friday
1560,7,10:00,Friday
1561,7,15:00,Friday
1562,7,19:00,Friday
1563,7,18:00,Friday
1564,7,11:00,Friday
1565,8,14:00,Friday
1566,8,12:00,Friday
1567,9,09:00,Friday
1568,9,13:00,Friday
1569,9,20:00,Friday
1570,10,16:00,Friday
1571,10,10:00,Friday
1572,10,18:00,Friday
1573,10,09:00,Friday
1574,11,18:00,Friday
1575,11,17:00,Friday
1576,12,11:00,Friday
1577,12,16:00,Friday
1578,13,18:00,Friday
1579,13,09:00,Friday
1580,13,19:00,Friday
1581,13,10:00,Friday
1582,13,15:00,Friday
1583,13,14:00,Friday
1584,13,13:00,Friday
1585,14,14:00,Friday
1586,14,15:00,Friday
1587,14,11:00,Friday
1588,14,17:00,Friday
1589,14,18:00,Friday
1590,14,10:00,Friday
1591,15,16:00,Friday
1592,15,11:00,Friday
1593,15,20:00,Friday
1594,15,09:00,Friday
1595,15,14:00,Friday
1596,16,13:00,Friday
1597,16,09:00,Friday
1598,16,18:00,Friday
1599,16,20:00,Friday
1600,16,14:00,Friday
1601,16,16:00,Friday
1602,17,20:00,Friday
1603,17,12:00,Friday
1604,17,16:00,Friday
1605,18,18:00,Friday
1606,19,15:00,Friday
1607,19,11:00,Friday
1608,19,13:00,Friday
1609,19,19:00,Friday
1610,20,16:00,Friday
1611,20,15:00,Friday
1612,20,14:00,Friday
1613,20,17:00,Friday
1614,20,19:00,Friday
1615,20,11:00,Friday
1616,20,12:00,Friday
1617,21,18:00,Friday
1618,21,19:00,Friday
1619,21,10:00,Friday
1620,21,11:00,Friday
1621,21,20:00,Friday
1622,22,10:00,Friday
1623,22,11:00,Friday
1624,23,11:00,Friday
1625,23,09:00,Friday
1626,23,10:00,Friday
1627,24,15:00,Friday
1628,25,16:00,Friday
1629,25,17:00,Friday
1630,25,14:00,Friday
1631,25,09:00,Friday
1632,25,15:00,Friday
1633,25,11:00,Friday
1634,25,12:00,Friday
1635,26,17:00,Friday
1636,26,20:00,Friday
1637,26,12:00,Friday
1638,27,16:00,Friday
1639,27,18:00,Friday
1640,27,20:00,Friday
1641,27,09:00,Friday
1642,27,14:00,Friday
1643,27,11:00,Friday
1644,28,19:00,Friday
1645,29,16:00,Friday
1646,30,17:00,Friday
1647,30,20:00,Friday
1648,31,13:00,Friday
1649,31,09:00,Friday
1650,32,12:00,Friday
1651,32,13:00,Friday
1652,32,18:00,Friday
1653,33,16:00,Friday
1654,33,15:00,Friday
1655,33,14:00,Friday
1656,33,11:00,Friday
1657,33,10:00,Friday
1658,33,18:00,Friday
1659,33,20:00,Friday
1660,33,13:00,Friday
1661,34,20:00,Friday
1662,34,14:00,Friday
1663,34,18:00,Friday
1664,34,11:00,Friday
1665,34,10:00,Friday
1666,34,12:00,Friday
1667,35,12:00,Friday
1668,35,11:00,Friday
1669,37,17:00,Friday
1670,37,19:00,Friday
1671,37,10:00,Friday
1672,37,15:00,Friday
1673,38,09:00,Friday
1674,38,17:00,Friday
1675,38,18:00,Friday
1676,39,09:00,Friday
1677,39,19:00,Friday
1678,39,13:00,Friday
1679,39,12:00,Friday
1680,39,20:00,Friday
1681,39,14:00,Friday
1682,40,10:00,Friday
1683,40,20:00,Friday
1684,40,18:00,Friday
1685,40,14:00,Friday
1686,41,11:00,Friday
1687,41,17:00,Friday
1688,41,09:00,Friday
1689,43,16:00,Friday
1690,43,10:00,Friday
1691,43,15:00,Friday
1692,44,14:00,Friday
1693,44,12:00,Friday
1694,44,11:00,Friday
1695,44,18:00,Friday
1696,45,10:00,Friday
1697,45,11:00,Friday
1698,45,09:00,Friday
1699,45,19:00,Friday
1700,45,14:00,Friday
1701,46,17:00,Friday
1702,47,16:00,Friday
1703,47,15:00,Friday
1704,47,11:00,Friday
1705,47,10:00,Friday
1706,48,11:00,Friday
1707,48,18:00,Friday
1708,48,09:00,Friday
1709,48,15:00,Friday
1710,48,10:00,Friday
1711,48,13:00,Friday
1712,49,20:00,Friday
1713,49,16:00,Friday
1714,49,10:00,Friday
1715,50,17:00,Friday
1716,50,11:00,Friday
1717,50,10:00,Friday
1718,51,16:00,Friday
1719,51,20:00,Friday
1720,51,13:00,Friday
1721,51,11:00,Friday
1722,51,09:00,Friday
1723,52,12:00,Friday
1724,52,20:00,Friday
1725,52,17:00,Friday
1726,52,10:00,Friday
1727,53,19:00,Friday
1728,53,12:00,Friday
1729,53,16:00,Friday
1730,53,10:00,Friday
1731,57,20:00,Friday
1732,57,13:00,Friday
1733,57,19:00,Friday
1734,57,16:00,Friday
1735,57,15:00,Friday
1736,58,16:00,Friday
1737,59,09:00,Friday
1738,59,14:00,Friday
1739,59,11:00,Friday
1740,60,13:00,Friday
1741,60,14:00,Friday
1742,61,20:00,Friday
1743,61,10:00,Friday
1744,61,17:00,Friday
1745,61,12:00,Friday
1746,61,11:00,Friday
1747,61,14:00,Friday
1748,61,15:00,Friday
1749,61,18:00,Friday
1750,62,14:00,Friday
1751,62,13:00,Friday
1752,63,15:00,Friday
1753,63,17:00,Friday
1754,63,09:00,Friday
1755,63,13:00,Friday
1756,64,19:00,Friday
1757,64,20:00,Friday
1758,64,17:00,Friday
1759,64,10:00,Friday
1760,64,14:00,Friday
1761,64,18:00,Friday
1762,65,11:00,Friday
1763,65,10:00,Friday
1764,65,15:00,Friday
1765,65,20:00,Friday
1766,66,13:00,Friday
1767,66,09:00,Friday
1768,66,12:00,Friday
1769,66,14:00,Friday
1770,66,19:00,Friday
1771,66,17:00,Friday
1772,66,18:00,Friday
1773,68,13:00,Friday
1774,68,16:00,Friday
1775,68,10:00,Friday
1776,69,11:00,Friday
1777,69,09:00,Friday
1778,69,16:00,Friday
1779,69,12:00,Friday
1780,69,14:00,Friday
1781,69,17:00,Friday
1782,69,13:00,Friday
1783,70,13:00,Friday
1784,70,11:00,Friday
1785,70,19:00,Friday
1786,70,18:00,Friday
1787,70,14:00,Friday
1788,70,20:00,Friday
1789,71,12:00,Friday
1790,71,17:00,Friday
1791,72,09:00,Friday
1792,72,12:00,Friday
1793,72,14:00,Friday
1794,72,17:00,Friday
1795,72,16:00,Friday
1796,72,20:00,Friday
1797,73,19:00,Friday
1798,73,16:00,Friday
1799,73,14:00,Friday
1800,73,13:00,Friday
1801,73,20:00,Friday
1802,73,12:00,Friday
1803,74,13:00,Friday
1804,74,16:00,Friday
1805,74,11:00,Friday
1806,74,12:00,Friday
1807,74,10:00,Friday
1808,74,20:00,Friday
1809,74,15:00,Friday
1810,76,13:00,Friday
1811,76,19:00,Friday
1812,78,11:00,Friday
1813,78,15:00,Friday
1814,79,17:00,Friday
1815,79,13:00,Friday
1816,79,09:00,Friday
1817,79,14:00,Friday
1818,79,20:00,Friday
1819,79,11:00,Friday
1820,79,12:00,Friday
1821,79,15:00,Friday
1822,80,17:00,Friday
1823,80,15:00,Friday
1824,80,12:00,Friday
1825,81,16:00,Friday
1826,81,17:00,Friday
1827,81,10:00,Friday
1828,81,15:00,Friday
1829,81,13:00,Friday
1830,81,11:00,Friday
1831,81,12:00,Friday
1832,81,09:00,Friday
1833,82,13:00,Friday
1834,82,09:00,Friday
1835,82,16:00,Friday
1836,83,09:00,Friday
1837,84,19:00,Friday
1838,85,12:00,Friday
1839,85,18:00,Friday
1840,85,09:00,Friday
1841,86,13:00,Friday
1842,86,11:00,Friday
1843,86,16:00,Friday
1844,86,12:00,Friday
1845,86,09:00,Friday
1846,86,15:00,Friday
1847,86,18:00,Friday
1848,86,20:00,Friday
1849,87,19:00,Friday
1850,87,13:00,Friday
1851,87,20:00,Friday
1852,87,09:00,Friday
1853,87,14:00,Friday
1854,87,12:00,Friday
1855,87,15:00,Friday
1856,88,16:00,Friday
1857,88,10:00,Friday
1858,89,15:00,Friday
1859,89,11:00,Friday
1860,90,12:00,Friday
1861,92,11:00,Friday
1862,92,09:00,Friday
1863,93,11:00,Friday
1864,93,14:00,Friday
1865,93,13:00,Friday
1866,93,16:00,Friday
1867,94,19:00,Friday
1868,94,10:00,Friday
1869,94,15:00,Friday
1870,95,16:00,Friday
1871,95,18:00,Friday
1872,96,10:00,Friday
1873,96,13:00,Friday
1874,96,09:00,Friday
1875,96,18:00,Friday
1876,96,11:00,Friday
1877,97,15:00,Friday
1878,97,17:00,Friday
1879,97,10:00,Friday
1880,97,11:00,Friday
1881,97,12:00,Friday
1882,97,18:00,Friday
1883,97,16:00,Friday
1884,98,17:00,Friday
1885,99,10:00,Friday
1886,99,17:00,Friday
1887,100,19:00,Friday
1888,100,09:00,Friday
1889,100,20:00,Friday
1890,100,12:00,Friday
1891,101,09:00,Friday
1892,101,19:00,Friday
1893,102,10:00,Friday
1894,103,14:00,Friday
1895,104,10:00,Friday
1896,104,15:00,Friday
1897,104,12:00,Friday
1898,104,17:00,Friday
1899,104,09:00,Friday
1900,1,20:00,Saturday
1901,2,12:00,Saturday
1902,3,15:00,Saturday
1903,3,18:00,Saturday
1904,3,09:00,Saturday
1905,3,14:00,Saturday
1906,3,12:00,Saturday
1907,4,09:00,Saturday
1908,4,13:00,Saturday
1909,4,18:00,Saturday
1910,4,17:00,Saturday
1911,4,20:00,Saturday
1912,4,19:00,Saturday
1913,5,14:00,Saturday
1914,5,19:00,Saturday
1915,5,16:00,Saturday
1916,5,17:00,Saturday
1917,5,11:00,Saturday
1918,5,13:00,Saturday
1919,5,18:00,Saturday
1920,7,19:00,Saturday
1921,7,13:00,Saturday
1922,7,11:00,Saturday
1923,7,20:00,Saturday
1924,8,17:00,Saturday
1925,8,16:00,Saturday
1926,9,13:00,Saturday
1927,9,16:00,Saturday
1928,9,18:00,Saturday
1929,9,19:00,Saturday
1930,9,10:00,Saturday
1931,10,13:00,Saturday
1932,10,17:00,Saturday
1933,10,18:00,Saturday
1934,10,09:00,Saturday
1935,10,15:00,Saturday
1936,11,15:00,Saturday
1937,11,18:00,Saturday
1938,12,11:00,Saturday
1939,12,20:00,Saturday
1940,12,12:00,Saturday
1941,12,18:00,Saturday
1942,12,13:00,Saturday
1943,13,19:00,Saturday
1944,13,13:00,Saturday
1945,13,16:00,Saturday
1946,13,11:00,Saturday
1947,13,09:00,Saturday
1948,14,14:00,Saturday
1949,14,09:00,Saturday
1950,14,15:00,Saturday
1951,14,16:00,Saturday
1952,15,09:00,Saturday
1953,15,13:00,Saturday
1954,15,11:00,Saturday
1955,15,12:00,Saturday
1956,15,19:00,Saturday
1957,15,10:00,Saturday
1958,16,14:00,Saturday
1959,16,18:00,Saturday
1960,17,13:00,Saturday
1961,17,18:00,Saturday
1962,17,11:00,Saturday
1963,17,14:00,Saturday
1964,17,10:00,Saturday
1965,17,16:00,Saturday
1966,17,17:00,Saturday
1967,18,12:00,Saturday
1968,18,17:00,Saturday
1969,18,20:00,Saturday
1970,18,18:00,Saturday
1971,18,16:00,Saturday
1972,18,13:00,Saturday
1973,18,11:00,Saturday
1974,19,19:00,Saturday
1975,19,18:00,Saturday
1976,19,20:00,Saturday
1977,20,16:00,Saturday
1978,20,15:00,Saturday
1979,20,11:00,Saturday
1980,20,13:00,Saturday
1981,20,10:00,Saturday
1982,20,09:00,Saturday
1983,22,18:00,Saturday
1984,22,16:00,Saturday
1985,22,14:00,Saturday
1986,23,19:00,Saturday
1987,23,15:00,Saturday
1988,23,12:00,Saturday
1989,23,13:00,Saturday
1990,23,11:00,Saturday
1991,23,17:00,Saturday
1992,25,10:00,Saturday
1993,25,15:00,Saturday
1994,25,19:00,Saturday
1995,25,09:00,Saturday
1996,26,18:00,Saturday
1997,26,20:00,Saturday
1998,26,16:00,Saturday
1999,26,17:00,Saturday
2000,26,13:00,Saturday
2001,26,11:00,Saturday
2002,26,19:00,Saturday
2003,27,09:00,Saturday
2004,27,20:00,Saturday
2005,27,16:00,Saturday
2006,27,12:00,Saturday
2007,28,17:00,Saturday
2008,28,13:00,Saturday
2009,28,20:00,Saturday
2010,28,11:00,Saturday
2011,28,19:00,Saturday
2012,29,11:00,Saturday
2013,29,14:00,Saturday
2014,29,15:00,Saturday
2015,29,12:00,Saturday
2016,29,09:00,Saturday
2017,30,18:00,Saturday
2018,31,12:00,Saturday
2019,31,16:00,Saturday
2020,31,18:00,Saturday
2021,31,17:00,Saturday
2022,31,10:00,Saturday
2023,32,20:00,Saturday
2024,32,14:00,Saturday
2025,32,17:00,Saturday
2026,32,19:00,Saturday
2027,33,13:00,Saturday
2028,33,12:00,Saturday
2029,33,20:00,Saturday
2030,33,10:00,Saturday
2031,34,16:00,Saturday
2032,34,18:00,Saturday
2033,34,12:00,Saturday
2034,34,09:00,Saturday
2035,34,15:00,Saturday
2036,34,20:00,Saturday
2037,35,16:00,Saturday
2038,35,11:00,Saturday
2039,35,14:00,Saturday
2040,35,12:00,Saturday
2041,35,15:00,Saturday
2042,35,09:00,Saturday
2043,35,13:00,Saturday
2044,36,19:00,Saturday
2045,36,18:00,Saturday
2046,36,15:00,Saturday
2047,36,20:00,Saturday
2048,36,11:00,Saturday
2049,36,09:00,Saturday
2050,36,13:00,Saturday
2051,37,11:00,Saturday
2052,37,16:00,Saturday
2053,37,10:00,Saturday
2054,37,12:00,Saturday
2055,38,17:00,Saturday
2056,39,20:00,Saturday
2057,39,17:00,Saturday
2058,39,09:00,Saturday
2059,39,16:00,Saturday
2060,40,16:00,Saturday
2061,40,20:00,Saturday
2062,40,10:00,Saturday
2063,41,09:00,Saturday
2064,41,11:00,Saturday
2065,41,10:00,Saturday
2066,41,14:00,Saturday
2067,41,12:00,Saturday
2068,42,13:00,Saturday
2069,42,17:00,Saturday
2070,42,20:00,Saturday
2071,42,14:00,Saturday
2072,42,16:00,Saturday
2073,42,19:00,Saturday
2074,42,15:00,Saturday
2075,43,15:00,Saturday
2076,45,15:00,Saturday
2077,45,12:00,Saturday
2078,45,09:00,Saturday
2079,46,14:00,Saturday
2080,46,19:00,Saturday
2081,46,11:00,Saturday
2082,46,17:00,Saturday
2083,46,15:00,Saturday
2084,46,16:00,Saturday
2085,47,09:00,Saturday
2086,47,20:00,Saturday
2087,47,14:00,Saturday
2088,47,10:00,Saturday
2089,48,14:00,Saturday
2090,48,13:00,Saturday
2091,48,09:00,Saturday
2092,48,20:00,Saturday
2093,48,17:00,Saturday
2094,48,19:00,Saturday
2095,49,15:00,Saturday
2096,49,12:00,Saturday
2097,49,09:00,Saturday
2098,49,14:00,Saturday
2099,50,16:00,Saturday
2100,50,11:00,Saturday
2101,51,18:00,Saturday
2102,51,19:00,Saturday
2103,51,12:00,Saturday
2104,51,11:00,Saturday
2105,51,16:00,Saturday
2106,51,13:00,Saturday
2107,51,14:00,Saturday
2108,52,13:00,Saturday
2109,52,11:00,Saturday
2110,52,10:00,Saturday
2111,52,15:00,Saturday
2112,52,14:00,Saturday
2113,52,17:00,Saturday
2114,53,20:00,Saturday
2115,53,14:00,Saturday
2116,53,13:00,Saturday
2117,53,19:00,Saturday
2118,54,09:00,Saturday
2119,54,16:00,Saturday
2120,54,12:00,Saturday
2121,54,10:00,Saturday
2122,55,12:00,Saturday
2123,55,18:00,Saturday
2124,56,20:00,Saturday
2125,56,17:00,Saturday
2126,58,18:00,Saturday
2127,59,15:00,Saturday
2128,59,13:00,Saturday
2129,59,09:00,Saturday
2130,59,17:00,Saturday
2131,59,18:00,Saturday
2132,59,10:00,Saturday
2133,59,12:00,Saturday
2134,60,15:00,Saturday
2135,61,14:00,Saturday
2136,61,10:00,Saturday
2137,62,11:00,Saturday
2138,62,10:00,Saturday
2139,62,15:00,Saturday
2140,62,19:00,Saturday
2141,62,12:00,Saturday
2142,62,09:00,Saturday
2143,63,20:00,Saturday
2144,63,10:00,Saturday
2145,63,19:00,Saturday
2146,63,12:00,Saturday
2147,63,15:00,Saturday
2148,63,14:00,Saturday
2149,64,12:00,Saturday
2150,65,14:00,Saturday
2151,65,17:00,Saturday
2152,65,11:00,Saturday
2153,66,17:00,Saturday
2154,66,16:00,Saturday
2155,66,18:00,Saturday
2156,66,19:00,Saturday
2157,67,16:00,Saturday
2158,67,14:00,Saturday
2159,67,19:00,Saturday
2160,67,17:00,Saturday
2161,67,10:00,Saturday
2162,67,13:00,Saturday
2163,67,09:00,Saturday
2164,70,10:00,Saturday
2165,70,09:00,Saturday
2166,70,20:00,Saturday
2167,70,16:00,Saturday
2168,70,11:00,Saturday
2169,70,14:00,Saturday
2170,71,20:00,Saturday
2171,71,17:00,Saturday
2172,71,09:00,Saturday
2173,72,18:00,Saturday
2174,73,19:00,Saturday
2175,73,16:00,Saturday
2176,74,16:00,Saturday
2177,74,14:00,Saturday
2178,74,11:00,Saturday
2179,74,17:00,Saturday
2180,74,20:00,Saturday
2181,75,09:00,Saturday
2182,75,10:00,Saturday
2183,75,20:00,Saturday
2184,75,15:00,Saturday
2185,75,13:00,Saturday
2186,75,19:00,Saturday
2187,76,20:00,Saturday
2188,76,19:00,Saturday
2189,77,15:00,Saturday
2190,77,09:00,Saturday
2191,78,13:00,Saturday
2192,78,18:00,Saturday
2193,78,11:00,Saturday
2194,78,14:00,Saturday
2195,78,09:00,Saturday
2196,78,10:00,Saturday
2197,79,12:00,Saturday
2198,79,15:00,Saturday
2199,79,16:00,Saturday
2200,79,14:00,Saturday
2201,79,19:00,Saturday
2202,79,11:00,Saturday
2203,79,18:00,Saturday
2204,80,16:00,Saturday
2205,80,12:00,Saturday
2206,80,10:00,Saturday
2207,80,11:00,Saturday
2208,80,19:00,Saturday
2209,82,14:00,Saturday
2210,82,13:00,Saturday
2211,82,16:00,Saturday
2212,82,09:00,Saturday
2213,82,17:00,Saturday
2214,84,15:00,Saturday
2215,84,18:00,Saturday
2216,84,11:00,Saturday
2217,84,12:00,Saturday
2218,84,09:00,Saturday
2219,85,13:00,Saturday
2220,85,20:00,Saturday
2221,85,14:00,Saturday
2222,85,16:00,Saturday
2223,85,18:00,Saturday
2224,86,20:00,Saturday
2225,86,19:00,Saturday
2226,86,16:00,Saturday
2227,86,18:00,Saturday
2228,86,13:00,Saturday
2229,86,17:00,Saturday
2230,86,09:00,Saturday
2231,86,11:00,Saturday
2232,87,13:00,Saturday
2233,87,15:00,Saturday
2234,87,11:00,Saturday
2235,87,17:00,Saturday
2236,87,19:00,Saturday
2237,87,18:00,Saturday
2238,87,09:00,Saturday
2239,88,12:00,Saturday
2240,88,09:00,Saturday
2241,88,20:00,Saturday
2242,88,19:00,Saturday
2243,89,15:00,Saturday
2244,89,11:00,Saturday
2245,89,18:00,Saturday
2246,89,09:00,Saturday
2247,89,10:00,Saturday
2248,89,12:00,Saturday
2249,89,20:00,Saturday
2250,90,18:00,Saturday
2251,90,19:00,Saturday
2252,90,11:00,Saturday
2253,90,10:00,Saturday
2254,90,16:00,Saturday
2255,90,09:00,Saturday
2256,90,17:00,Saturday
2257,91,17:00,Saturday
2258,91,14:00,Saturday
2259,91,11:00,Saturday
2260,92,16:00,Saturday
2261,93,18:00,Saturday
2262,93,11:00,Saturday
2263,93,20:00,Saturday
2264,93,09:00,Saturday
2265,93,12:00,Saturday
2266,93,10:00,Saturday
2267,95,16:00,Saturday
2268,95,18:00,Saturday
2269,95,17:00,Saturday
2270,95,20:00,Saturday
2271,95,13:00,Saturday
2272,95,12:00,Saturday
2273,96,15:00,Saturday
2274,97,20:00,Saturday
2275,97,19:00,Saturday
2276,97,14:00,Saturday
2277,97,13:00,Saturday
2278,97,17:00,Saturday
2279,97,15:00,Saturday
2280,99,14:00,Saturday
2281,99,17:00,Saturday
2282,99,11:00,Saturday
2283,99,09:00,Saturday
2284,100,14:00,Saturday
2285,100,18:00,Saturday
2286,100,15:00,Saturday
2287,100,12:00,Saturday
2288,100,11:00,Saturday
2289,100,10:00,Saturday
2290,100,13:00,Saturday
2291,101,17:00,Saturday
2292,101,18:00,Saturday
2293,101,11:00,Saturday
2294,101,09:00,Saturday
2295,103,10:00,Saturday
2296,103,17:00,Saturday
2297,103,15:00,Saturday
2298,1,13:00,Sunday
2299,1,10:00,Sunday
2300,1,17:00,Sunday
2301,1,11:00,Sunday
2302,2,13:00,Sunday
2303,2,20:00,Sunday
2304,2,14:00,Sunday
2305,2,12:00,Sunday
2306,2,15:00,Sunday
2307,2,09:00,Sunday
2308,3,10:00,Sunday
2309,3,11:00,Sunday
2310,3,09:00,Sunday
2311,3,19:00,Sunday
2312,3,15:00,Sunday
2313,3,20:00,Sunday
2314,4,13:00,Sunday
2315,5,17:00,Sunday
2316,5,20:00,Sunday
2317,5,14:00,Sunday
2318,5,13:00,Sunday
2319,5,16:00,Sunday
2320,5,19:00,Sunday
2321,6,17:00,Sunday
2322,6,19:00,Sunday
2323,8,14:00,Sunday
2324,8,10:00,Sunday
2325,8,15:00,Sunday
2326,8,11:00,Sunday
2327,9,20:00,Sunday
2328,9,10:00,Sunday
2329,9,16:00,Sunday
2330,9,12:00,Sunday
2331,9,11:00,Sunday
2332,10,12:00,Sunday
2333,10,19:00,Sunday
2334,10,11:00,Sunday
2335,10,20:00,Sunday
2336,10,18:00,Sunday
2337,12,09:00,Sunday
2338,12,12:00,Sunday
2339,13,14:00,Sunday
2340,13,12:00,Sunday
2341,13,20:00,Sunday
2342,13,11:00,Sunday
2343,13,09:00,Sunday
2344,13,10:00,Sunday
2345,14,10:00,Sunday
2346,14,19:00,Sunday
2347,14,20:00,Sunday
2348,15,12:00,Sunday
2349,15,10:00,Sunday
2350,15,14:00,Sunday
2351,15,19:00,Sunday
2352,15,16:00,Sunday
2353,15,18:00,Sunday
2354,16,13:00,Sunday
2355,16,17:00,Sunday
2356,16,20:00,Sunday
2357,16,19:00,Sunday
2358,16,09:00,Sunday
2359,17,13:00,Sunday
2360,17,12:00,Sunday
2361,17,16:00,Sunday
2362,17,19:00,Sunday
2363,17,11:00,Sunday
2364,18,12:00,Sunday
2365,18,11:00,Sunday
2366,18,13:00,Sunday
2367,18,14:00,Sunday
2368,18,09:00,Sunday
2369,18,10:00,Sunday
2370,18,18:00,Sunday
2371,19,18:00,Sunday
2372,19,13:00,Sunday
2373,19,09:00,Sunday
2374,20,17:00,Sunday
2375,20,16:00,Sunday
2376,20,18:00,Sunday
2377,21,20:00,Sunday
2378,21,13:00,Sunday
2379,21,09:00,Sunday
2380,21,19:00,Sunday
2381,21,14:00,Sunday
2382,22,11:00,Sunday
2383,23,20:00,Sunday
2384,23,19:00,Sunday
2385,23,14:00,Sunday
2386,23,15:00,Sunday
2387,24,10:00,Sunday
2388,24,19:00,Sunday
2389,26,14:00,Sunday
2390,26,20:00,Sunday
2391,27,16:00,Sunday
2392,28,10:00,Sunday
2393,28,16:00,Sunday
2394,28,13:00,Sunday
2395,28,20:00,Sunday
2396,28,19:00,Sunday
2397,28,09:00,Sunday
2398,29,14:00,Sunday
2399,30,18:00,Sunday
2400,30,14:00,Sunday
2401,30,19:00,Sunday
2402,30,09:00,Sunday
2403,30,12:00,Sunday
2404,31,09:00,Sunday
2405,31,17:00,Sunday
2406,31,11:00,Sunday
2407,32,17:00,Sunday
2408,32,10:00,Sunday
2409,32,18:00,Sunday
2410,32,11:00,Sunday
2411,32,12:00,Sunday
2412,32,19:00,Sunday
2413,32,16:00,Sunday
2414,33,17:00,Sunday
2415,34,10:00,Sunday
2416,34,19:00,Sunday
2417,35,13:00,Sunday
2418,35,10:00,Sunday
2419,35,16:00,Sunday
2420,35,09:00,Sunday
2421,35,12:00,Sunday
2422,35,15:00,Sunday
2423,37,09:00,Sunday
2424,37,11:00,Sunday
2425,37,17:00,Sunday
2426,37,19:00,Sunday
2427,38,13:00,Sunday
2428,38,16:00,Sunday
2429,38,14:00,Sunday
2430,39,16:00,Sunday
2431,39,14:00,Sunday
2432,39,20:00,Sunday
2433,39,11:00,Sunday
2434,39,18:00,Sunday
2435,39,13:00,Sunday
2436,40,14:00,Sunday
2437,41,12:00,Sunday
2438,41,13:00,Sunday
2439,41,09:00,Sunday
2440,41,11:00,Sunday
2441,41,10:00,Sunday
2442,42,16:00,Sunday
2443,42,13:00,Sunday
2444,43,09:00,Sunday
2445,44,19:00,Sunday
2446,44,14:00,Sunday
2447,44,13:00,Sunday
2448,44,09:00,Sunday
2449,44,16:00,Sunday
2450,44,11:00,Sunday
2451,45,20:00,Sunday
2452,45,17:00,Sunday
2453,45,15:00,Sunday
2454,46,19:00,Sunday
2455,46,17:00,Sunday
2456,46,10:00,Sunday
2457,46,09:00,Sunday
2458,46,13:00,Sunday
2459,46,14:00,Sunday
2460,46,15:00,Sunday
2461,47,15:00,Sunday
2462,47,20:00,Sunday
2463,48,20:00,Sunday
2464,48,11:00,Sunday
2465,48,17:00,Sunday
2466,48,09:00,Sunday
2467,48,16:00,Sunday
2468,48,13:00,Sunday
2469,48,18:00,Sunday
2470,49,18:00,Sunday
2471,50,13:00,Sunday
2472,50,19:00,Sunday
2473,50,16:00,Sunday
2474,50,11:00,Sunday
2475,50,14:00,Sunday
2476,50,15:00,Sunday
2477,50,10:00,Sunday
2478,52,14:00,Sunday
2479,53,11:00,Sunday
2480,53,15:00,Sunday
2481,53,16:00,Sunday
2482,53,19:00,Sunday
2483,54,09:00,Sunday
2484,54,13:00,Sunday
2485,54,14:00,Sunday
2486,54,10:00,Sunday
2487,54,15:00,Sunday
2488,54,19:00,Sunday
2489,55,16:00,Sunday
2490,55,10:00,Sunday
2491,55,20:00,Sunday
2492,55,12:00,Sunday
2493,55,19:00,Sunday
2494,55,18:00,Sunday
2495,55,13:00,Sunday
2496,56,20:00,Sunday
2497,57,13:00,Sunday
2498,57,19:00,Sunday
2499,57,20:00,Sunday
2500,57,15:00,Sunday
2501,58,20:00,Sunday
2502,59,17:00,Sunday
2503,59,12:00,Sunday
2504,59,13:00,Sunday
2505,59,18:00,Sunday
2506,59,09:00,Sunday
2507,59,11:00,Sunday
2508,59,20:00,Sunday
2509,61,14:00,Sunday
2510,61,17:00,Sunday
2511,61,19:00,Sunday
2512,61,20:00,Sunday
2513,61,16:00,Sunday
2514,61,11:00,Sunday
2515,61,13:00,Sunday
2516,61,12:00,Sunday
2517,62,17:00,Sunday
2518,62,16:00,Sunday
2519,63,09:00,Sunday
2520,63,10:00,Sunday
2521,64,13:00,Sunday
2522,64,18:00,Sunday
2523,64,09:00,Sunday
2524,65,16:00,Sunday
2525,65,11:00,Sunday
2526,65,14:00,Sunday
2527,65,19:00,Sunday
2528,65,18:00,Sunday
2529,66,13:00,Sunday
2530,66,14:00,Sunday
2531,66,11:00,Sunday
2532,66,09:00,Sunday
2533,66,10:00,Sunday
2534,66,12:00,Sunday
2535,68,10:00,Sunday
2536,68,16:00,Sunday
2537,68,17:00,Sunday
2538,69,15:00,Sunday
2539,69,20:00,Sunday
2540,69,17:00,Sunday
2541,69,11:00,Sunday
2542,70,17:00,Sunday
2543,70,09:00,Sunday
2544,70,12:00,Sunday
2545,70,10:00,Sunday
2546,70,20:00,Sunday
2547,70,11:00,Sunday
2548,71,10:00,Sunday
2549,71,11:00,Sunday
2550,71,14:00,Sunday
2551,71,09:00,Sunday
2552,72,18:00,Sunday
2553,72,16:00,Sunday
2554,72,11:00,Sunday
2555,72,09:00,Sunday
2556,73,18:00,Sunday
2557,73,15:00,Sunday
2558,73,20:00,Sunday
2559,73,14:00,Sunday
2560,73,10:00,Sunday
2561,74,09:00,Sunday
2562,74,15:00,Sunday
2563,74,12:00,Sunday
2564,74,20:00,Sunday
2565,75,13:00,Sunday
2566,76,16:00,Sunday
2567,76,10:00,Sunday
2568,76,13:00,Sunday
2569,76,12:00,Sunday
2570,77,12:00,Sunday
2571,77,19:00,Sunday
2572,77,15:00,Sunday
2573,77,16:00,Sunday
2574,77,11:00,Sunday
2575,78,18:00,Sunday
2576,79,19:00,Sunday
2577,79,10:00,Sunday
2578,79,16:00,Sunday
2579,80,09:00,Sunday
2580,80,11:00,Sunday
2581,80,13:00,Sunday
2582,80,17:00,Sunday
2583,81,20:00,Sunday
2584,81,15:00,Sunday
2585,84,10:00,Sunday
2586,84,20:00,Sunday
2587,84,11:00,Sunday
2588,84,12:00,Sunday
2589,84,16:00,Sunday
2590,84,17:00,Sunday
2591,85,15:00,Sunday
2592,85,10:00,Sunday
2593,85,19:00,Sunday
2594,85,14:00,Sunday
2595,85,11:00,Sunday
2596,85,17:00,Sunday
2597,86,13:00,Sunday
2598,86,09:00,Sunday
2599,86,15:00,Sunday
2600,86,14:00,Sunday
2601,86,16:00,Sunday
2602,87,18:00,Sunday
2603,88,17:00,Sunday
2604,88,11:00,Sunday
2605,89,09:00,Sunday
2606,89,15:00,Sunday
2607,89,20:00,Sunday
2608,89,16:00,Sunday
2609,90,10:00,Sunday
2610,90,17:00,Sunday
2611,90,14:00,Sunday
2612,90,12:00,Sunday
2613,90,09:00,Sunday
2614,90,19:00,Sunday
2615,90,15:00,Sunday
2616,92,17:00,Sunday
2617,92,16:00,Sunday
2618,92,20:00,Sunday
2619,92,15:00,Sunday
2620,93,17:00,Sunday
2621,93,13:00,Sunday
2622,93,09:00,Sunday
2623,93,10:00,Sunday
2624,93,20:00,Sunday
2625,94,10:00,Sunday
2626,94,19:00,Sunday
2627,94,14:00,Sunday
2628,94,09:00,Sunday
2629,95,13:00,Sunday
2630,95,10:00,Sunday
2631,96,20:00,Sunday
2632,96,15:00,Sunday
2633,96,12:00,Sunday
2634,96,17:00,Sunday
2635,97,12:00,Sunday
2636,97,14:00,Sunday
2637,97,18:00,Sunday
2638,97,13:00,Sunday
2639,97,17:00,Sunday
2640,98,16:00,Sunday
2641,98,12:00,Sunday
2642,98,14:00,Sunday
2643,98,10:00,Sunday
2644,98,20:00,Sunday
2645,98,15:00,Sunday
2646,99,15:00,Sunday
2647,99,14:00,Sunday
2648,99,18:00,Sunday
2649,99,11:00,Sunday
2650,99,10:00,Sunday
2651,99,19:00,Sunday
2652,100,12:00,Sunday
2653,100,19:00,Sunday
2654,100,20:00,Sunday
2655,100,16:00,Sunday
2656,100,17:00,Sunday
2657,100,15:00,Sunday
2658,101,16:00,Sunday
2659,101,11:00,Sunday
2660,101,12:00,Sunday
2661,102,15:00,Sunday
2662,102,12:00,Sunday
2663,102,19:00,Sunday
2664,102,16:00,Sunday
2665,102,09:00,Sunday
2666,104,20:00,Sunday
2667,104,18:00,Sunday
2668,104,10:00,Sunday
2669,104,12:00,Sunday
2670,104,14:00,Sunday
2671,104,13:00,Sunday
