user_id,login,password,email,phone,role,club_id
2,#nHbtN3cfDm,ilQ(0)EYRUrFl$zI3w6,WAU_eQqWXh5Xe5Ui5MH@mail.yahoo.com,+7 (728) 956-40-53,2,2
3,01l9cEPFkLEhzU,Er7Fofa43zBqMgVY,BznogXWI115W@mail.ru,+7 (491) 372-34-15,2,3
4,7GkfDk*,ZZ@HL),1PvYP_TCt@rambler.ru,+7 (484) 135-49-61,2,4
5,MMpOAP5dTQ,&qSg4X^*uG,0kQ0E@outlook.com,+7 (355) 453-38-33,2,5
6,XDRTZyUlPXh,mpTNRr7Pla,waa3TDR09ejoUbFv@mail.yahoo.com,+7 (396) 671-37-41,2,6
7,yFERwc&yMxIqdn)37H0,mena_*J#^Xw4baw_wG,sLd9Tk1@gmail.com,+7 (981) 961-48-53,2,7
8,tSwffHbFFGyM_s,8#RQ&v,gzJx_@gmail.com,+7 (379) 926-69-44,2,8
9,2N@Pm#)_kjeTisraEmGD,mq^RX,mF3tJWZnYQ5F@mail.yandex.ru,+7 (537) 103-96-69,1,1
10,y5*59Scw3eM;vX3)@,mCjkwDFa_v;aFpIg,2JhTiBF@gmail.com,+7 (413) 677-28-16,1,1
11,k;j4Va03,a*)^iyH;AO6vxMpF6,cipJJyJWGOf9U@outlook.com,+7 (997) 563-66-52,1,1
12,Gv@Q^p,Q^nnF3sV_,OLIGAYO@rambler.ru,+7 (708) 745-00-75,1,1
13,$O%JGvdTb*amg6263#8,EPOtLek$tUVt6,wLKIE4RzQ@mail.yahoo.com,+7 (520) 187-22-28,1,1
14,Raqlk5fsp5DI7rQI8p,ivzj(S,8gXWcHrbPZQque0@rambler.ru,+7 (047) 803-39-80,1,1
15,dglxbduovb%b7gVX,%frgH!0lNggnno0nh%,HoveurR@outlook.com,+7 (844) 569-77-00,1,1
16,xt^qcogzQmBshdA)X,VyayVur6,0Ns4svVUZTjsD7I4y3p@rambler.ru,+7 (823) 177-49-86,1,1
17,S()t5nQ#OyE,3S;oS7Sbqrly$)SvXfMa,xXf7vh_QpxOtK@rambler.ru,+7 (719) 303-18-15,1,1
18,0ASmgsapCyLy2,GYF$i4cOOzYqx0zK,YEQqPQJ5_7GPbwKVh0@mail.yahoo.com,+7 (929) 885-61-35,1,1
19,DLdzfSWeQD_VRyB3mRY,%Ho8kwrLpk)M,IP2rRyT6p@rambler.ru,+7 (623) 285-99-79,1,1
20,jpID!7Tbtw,fQu;epLwWkK1Yp1V,dzIHJPPDPfAOaJmo@mail.ru,+7 (423) 083-41-64,1,1
21,qb1ke),a5!)v%5EDqY,7k5BCXUr200Mq_FZB2K@mail.yahoo.com,+7 (766) 696-61-34,1,1
22,NaFmmo!(nQDqZoD,D$qgm!&haAOP6,Q_r_kM2lyKl1HEz@mail.ru,+7 (973) 632-46-62,1,2
23,!v8xl,ZI07cQsP@86usp0c*y,JnWA5PeJb@rambler.ru,+7 (178) 776-21-61,1,2
24,uHvLh),OPEt2oYy,oxQ6CcZo0ObB7JyPvL2@mail.yandex.ru,+7 (313) 341-29-78,1,2
25,C#*^J$5uV3,!ES1Jowe,koy4T@mail.ru,+7 (611) 819-62-25,1,2
26,q3R^qa,CGDxpa#WKs1B@!m%;P,0vbzbwVV@gmail.com,+7 (788) 921-26-01,1,2
27,%iqeg*M7za4A0W4u(O,_N@kEtAcb(9mN_qze,q_GBhdvTW1L1TrCalQL@mail.yandex.ru,+7 (910) 401-77-81,1,2
28,U)V$%8P,Vev@*C,6rclqHOBo76O6@outlook.com,+7 (897) 193-36-72,1,2
29,ztR%X2rgoOQkVekQ,^EFL*,lD_yp51TV8@mail.yandex.ru,+7 (195) 185-20-22,1,2
30,B9gZeZTpEd(Vn,Ld@muKU1ER3riUjcmvY,DwdOiymZJPoxr9@mail.ru,+7 (184) 181-97-96,1,2
31,$Ay5k96xUZh6fz,2eijQ_e632UB1q8,Nbp4gEulj4O@mail.yandex.ru,+7 (927) 078-66-76,1,2
32,a0;ma%&a%XILwBNb,vbj0bV$TCl#,MWotgA6v_jmyWnT8Aw6@mail.yandex.ru,+7 (886) 978-69-63,1,2
33,9TmK&VuZPub(lp923,f3llfljpU0,a8lHBsUzaAJgN0DEa@outlook.com,+7 (222) 240-32-71,1,2
34,DV$S4NZd(O,J;!85i#n1AaoJ,JeH0FSG2@mail.yandex.ru,+7 (549) 002-97-78,1,2
35,EvL$j;h,qga^Q9jp%oGn),5tRjUiWyZ0V@mail.yandex.ru,+7 (806) 291-68-94,1,3
36,$obNRjUvNU)(,aa11dEw!DG80ieCzGtE,V33k2EMN9Ww1D@mail.ru,+7 (005) 727-65-20,1,3
37,0#3RmeV;LAK#,Bpgiru8!ss48L4h&H,E1gOHCzA@rambler.ru,+7 (785) 345-19-79,1,3
38,7!N*^,SIrGHQX@)9bH4hI,Rs1lz09DStPU@mail.yahoo.com,+7 (956) 252-81-07,1,3
39,yl9xErGqc,vIy0jHDNlOoFHiDPN&&,uw022Mr94XQ@rambler.ru,+7 (860) 330-32-24,1,3
40,pIupo;QcOAAaVNMx%,oVqXUbD%B,_dbBRyxCRev0n@mail.yandex.ru,+7 (875) 318-14-18,1,3
41,NaWCv0FFzeQ_AI,Wz#7z3lwmB!eOB1#5l$,WcCLNtAnkBDtsX@outlook.com,+7 (285) 094-20-71,1,3
42,;jp6%,Hf%7LGkXx7BVOooDGF^W,Z3bFI5BmIWh9MSgYDWhV@mail.ru,+7 (877) 862-40-19,1,3
43,$my$E%,z3vwy,hhLLzDiW_aBi5vMc6atu@mail.yandex.ru,+7 (294) 938-68-72,1,3
44,yHrzPXoX5RS3roTdh,CFVYN5mnU)z^g#r,6Zdzdv0yIp@mail.yahoo.com,+7 (422) 290-25-46,1,3
45,pBelXi)1pgHM8*s#^,x#JlKzSAZ(Rpz,_k4qJoyUmFOjxxkAV@mail.ru,+7 (737) 518-53-74,1,3
46,aFXdn*7Wppd,uofFSN,VWqrah0JYGSchOOsq@mail.yahoo.com,+7 (166) 372-27-17,1,3
47,MPY190Ap*,#XccRKqima,9_z9cE@mail.yandex.ru,+7 (572) 214-22-62,1,3
48,IYGWyX6GsVcuoi^8mun$,Q@5wjn!QkLcFB6*,ioHoh@mail.ru,+7 (943) 598-20-04,1,4
49,cvBNlbpBg,7&vQDppiv$qaijEr#7C,enzEub4KoC3UB@mail.ru,+7 (226) 191-08-11,1,4
50,co1H5bKaH9_,^6qdJ_THiV,Pb04tG8brCchKOJL4zZG@gmail.com,+7 (817) 618-96-01,1,4
51,S7bZ)BHp6d),sC&aLYo,hWxoIzMzegelB2rQ9aRA@mail.yahoo.com,+7 (531) 991-38-55,1,4
52,ybU_i)W2pCpf,g4*Eir,HV8d3O@gmail.com,+7 (409) 446-53-11,1,4
53,p$cdmrWGs2k1Rh,Sm$m9FGm7zG#S*1!wg,SytjEzolOynIZgKYIItw@rambler.ru,+7 (703) 050-04-43,1,4
54,o(#9c8*Y8yH8&L,nLQpN,jIY2GOtXz4@mail.yahoo.com,+7 (393) 308-13-80,1,4
55,eFXbpNI2F)it^(,E#PeCqaYpq&@yrk(mJrQ,WbdunQutfnRQ0X@outlook.com,+7 (436) 116-81-07,1,4
56,l3M_(D,0&nDx@kuynA9iV(q,oVIlCDIxGW_32ZilF3@mail.yahoo.com,+7 (688) 292-24-28,1,4
57,uSkI6UUbu2((Sd&Ui,*60#ku0adMkdMJZx@qh3,9fhdoW@outlook.com,+7 (890) 144-17-21,1,4
58,x0o(1Vm1#6&6f,)UxPisalND73Lz,XK1xmFhNnISU@mail.yahoo.com,+7 (889) 458-51-83,1,4
59,T3ZMKsWzoq^VKtn^,9FEMoMMrZmd52@#jP)zt,BJLnFoLp@gmail.com,+7 (853) 130-34-80,1,4
60,HgOzaC2!*SIN,jbUibNcbvVVQ*4WV2@_F,47Ml7lSg@gmail.com,+7 (550) 542-24-72,1,4
61,2zUOSN59JywKHRj@vsJU,!9%r72*,98zvH8@gmail.com,+7 (997) 992-28-77,1,5
62,wlEdU86L3mmHlZ,e;KU1pf,oVYFxbgVrC@mail.ru,+7 (128) 427-63-69,1,5
63,)&;_bay7q&r,fH6&&nzapIsOA0iIM3,XPeLI_j0jJLwTOc2Pc2@rambler.ru,+7 (688) 927-03-11,1,5
64,rc9ixYm8,g9g^Sm8,3BfY7@rambler.ru,+7 (133) 093-90-51,1,5
65,#da%w;hYFF,@5&1QpMp,TxMm773y1ImyNpOgx4u@mail.yahoo.com,+7 (543) 355-02-02,1,5
66,gdmoEmR3b#zNEc30!UL,m83&K3_flmupt&!PA&,PqmJ_k5x3RQeFnkj@outlook.com,+7 (743) 633-39-48,1,5
67,FiefkpQZ0mT_wk3BYVh0,7Nd6stqtvh@W%vd5m,MYgB0QVbVtNdpQzU@rambler.ru,+7 (980) 458-96-54,1,5
68,0lHM^Em0H&X&5UC,G#Y18x6CaIOY,Y7h5DTts2@gmail.com,+7 (574) 991-38-75,1,5
69,XajVm!r2ouK)gkWI9,S0a_3brvIwqZXY,6hbX7YR8@mail.ru,+7 (529) 767-59-35,1,5
70,(WK@(Ta;R,XME*^5Kd3PYI^sT,J_OtE0p3e@gmail.com,+7 (492) 340-18-24,1,5
71,%bqqTM8cpsB,Ot13OIgbehfrVw,VEKpfK0jv5@mail.yahoo.com,+7 (640) 199-25-41,1,5
72,rmXlJnoh2pXe,R0wg9%&a,Leder@mail.ru,+7 (685) 727-54-91,1,5
73,T4r%KVso(ho0A,QlBc%;,T23V3nTU6SZyGHuk@outlook.com,+7 (013) 126-49-35,1,5
74,#!t(!i9VFE,Igmvv$,g1S202@mail.ru,+7 (295) 365-40-07,1,6
75,5ssyS,xfuk(jbQ3YTL^aA;J;,LYW3jQYB7NmbiJrXSB0s@gmail.com,+7 (604) 961-05-28,1,6
76,FacQ5y__1aCxuZF0q*2,ec0LSsa1nPSip#50*,Wh9A1rWG@mail.yahoo.com,+7 (501) 102-82-25,1,6
77,sI06(I5;D*8CXpJ,;81746HPm%,UMVh5CnJ_DN@mail.yandex.ru,+7 (046) 869-64-78,1,6
78,MkU;vaFo*(,6H_@QO0Gck;KDiS,QcZktl2KKk71Q1AV@mail.ru,+7 (409) 488-19-98,1,6
79,gpFLc9TN^JDsnTd(1r,TsWynJkWv6Sfmg8,lCmntgObol2S@gmail.com,+7 (587) 341-98-33,1,6
80,64hRFBp1kq@il%hx,wCUsvd^na)P&nxmNmwM,OrNwnw@gmail.com,+7 (352) 996-83-73,1,6
81,06UqkjL#y52FyHulYEM,cL#i%3U,ygPo_OTBK1@gmail.com,+7 (597) 498-51-20,1,6
82,Cp$*C,!wWcto)0P,ctLR_7Fp@rambler.ru,+7 (999) 437-58-76,1,6
83,Ezzs6EXg$8N4m3uL(2(O,z0KYip,2hlIHbWPsaYWQ9k3B@mail.yahoo.com,+7 (605) 469-75-51,1,6
84,nBXnXlm7_pzE7,^26h$@9%8d(,VYlAhdILD@outlook.com,+7 (060) 390-81-38,1,6
85,SulgNUabf3lZT,*enXi8,SpOw82idOzv7Qcayt3Mf@outlook.com,+7 (745) 533-57-41,1,6
86,e8_UCUNp4atg0xb,mk^pav#PBgLoF$,sBmd4BGKFvCb1@mail.yahoo.com,+7 (752) 410-33-06,1,6
87,fBg945!a9^1nmM@,iy&awqS;Tln^L,1fHrSafM@outlook.com,+7 (925) 808-67-45,1,7
88,DAs5)NidwTD0VbhV,fQrkQQaDxNzVfe,4uVXjnTpuJe6kjT89@rambler.ru,+7 (124) 801-71-21,1,7
89,OPQA1o%dMxgM#auLWFNx,NKHII,2iS_Xjc36I@mail.yahoo.com,+7 (626) 271-61-67,1,7
90,CPm;v2wDK1QmJI$vZtWd,VDEWy;mu%isjH5FCy,J1Zy8ci@gmail.com,+7 (479) 299-25-31,1,7
91,b#Npr3Moqb^v^lrK,ZOp@a,7aHrynSJ2IHVatOqGHO@mail.yandex.ru,+7 (341) 541-26-88,1,7
92,3vn&PyM@m!y,X6^s_Zs;$KQrUH,H8jV2PAx@mail.ru,+7 (624) 789-24-24,1,7
93,ER(gyFag;DCs6@n6O6,3t8LqL8Vzrx,LY0I8QeQdc6@gmail.com,+7 (906) 781-17-08,1,7
94,E_nH)lfiSf)A$Q,PNiY#h_ap#47t,QBzo0FrqD@mail.ru,+7 (537) 327-17-97,1,7
95,)7_Zp$(rMgWS,A#)*nKsgQ,Jyb1p@mail.ru,+7 (709) 756-18-15,1,7
96,Q&d847^bE7ShO,ww1NDyOZzx,H2JKlkd3ir@mail.yandex.ru,+7 (475) 558-35-79,1,7
97,aHT_A8eKbba6lTqp,0YV@sKPJ,lwwEU@mail.yahoo.com,+7 (235) 551-13-97,1,7
98,aQUcfpUc;sua1mo,V7$oh898B1,qou166MegDsdh6Eky@mail.ru,+7 (706) 075-91-90,1,7
99,1N_O&!jrc,4a4(dHFy^rTLnCyErJz,pfFPLMzPZBljSrTey1@rambler.ru,+7 (153) 872-20-18,1,7
100,!d#XA11O9fe#WcWzD,zWvap$dvSaMMqG$,yh6Bg8HbUecSp@mail.yahoo.com,+7 (490) 155-84-86,1,8
101,uJzf1xYo)WUam,7cSCR9O;&siZp1JBX,R3VgFj99T@mail.yahoo.com,+7 (739) 479-94-31,1,8
102,9ZDZPrPhZSL,IXb4s,14vKVcQ2wHiHcPCCz@outlook.com,+7 (085) 463-43-92,1,8
103,4REs1R,^88HVhVL1_^5*Ig,IVqNrRU@outlook.com,+7 (552) 847-29-63,1,8
104,d&hm#Ej2)fm7,qjK9XR9oqaI,ttSOR2Uby0ptvW@mail.yahoo.com,+7 (042) 241-86-64,1,8
105,Mj3wEp%Dq2HX3c!,_Q9mq^_,wq5KYyymZoI@mail.yahoo.com,+7 (078) 346-12-63,1,8
106,CmpSvz#7u,eLL3yeos,bUTWdA06jSbwWflra@outlook.com,+7 (952) 863-45-29,1,8
107,6HeFuuS9#*2g%G,Y&lOYmmV,CV1ugJgXKskC_ygLYcA@outlook.com,+7 (033) 543-51-24,1,8
108,Nz4a(If(ecVdAatUX,WbYP2h0m,MWeT74rk7@mail.yahoo.com,+7 (286) 702-22-93,1,8
109,r@ECoT,aZkmopcqyfm$,zFv8z6ejYKnScsT@mail.ru,+7 (999) 836-39-38,1,8
110,eOMy5SsvUpl,cKkjG6T6HX_D$n,CTU9JjhIoKnj@rambler.ru,+7 (099) 611-60-03,1,8
111,#PzIm3#Fm1eRP(FT1,BDC_^fJ@z3iR6GSCV,G2k2hidoCFOiGAk@mail.yandex.ru,+7 (491) 402-54-62,1,8
112,iyHSp0UxlyOm8WM^Xeh,b9($^*n!os%n,ER5YTWHwJ@gmail.com,+7 (152) 652-67-26,1,8
113,mIE5F!)oWvwHltnL,AaBI5,BonqJSBl7@outlook.com,+7 (662) 330-26-91,0,1
114,3XYaXuq!pSS#1#N7B,5aK$qy,go4SMuX02z_uDQo@gmail.com,+7 (546) 642-59-06,0,1
115,L1ey)bk_1#bpG(%,QuqZO76*Okh0oOXl15b,mcOHM9l0AStyKYZ@gmail.com,+7 (071) 700-79-85,0,1
116,Y6f2a#5(zz,1aL*$,FjhU80IkQqlqPfX_yzK@mail.ru,+7 (017) 500-73-36,0,1
117,o$N_nPF,_LLMqpuJ%O)&#Py,eosDf6fD@mail.yandex.ru,+7 (167) 047-70-23,0,1
118,z4bJW%G&hG3m,_XgR2,zG9Vey@mail.ru,+7 (184) 032-17-29,0,1
119,KgZHdjMc@Ui8i,Fu6ImaFVphEXLnOZTk%,t8WlyZnmxWxms2g@mail.yandex.ru,+7 (176) 780-27-41,0,1
120,nr*_Qm(3WvpdHs,AYHrSg,tLedB_kiDaZau@outlook.com,+7 (514) 938-37-98,0,1
121,FKaxrVhX@h345*6(vNhg,0^0GmajZ0Wavg,MeSba_yZAzIpMPAv@outlook.com,+7 (546) 826-82-31,0,1
122,&Vm9#OSG*gaJhr%,Wc8_H*u!8uQr_(uKFX,QG8g7wDWqO7vJ@mail.yandex.ru,+7 (202) 730-21-57,0,1
123,4oG#zoTlLbp^Cp,YI)TN8EgXA^%y,hFD97b7dmoPiXt@gmail.com,+7 (078) 782-35-68,0,1
124,)KdEPa9QaG,vk0UlBBImhepmO#wn!%;,yNVW0_r531D38h@gmail.com,+7 (488) 999-91-88,0,1
125,KCCuZG!HN!fE%gA3Nj,SRBTbh9!HtTg)mGFm41,U1L5sebI0nSgEp4d@gmail.com,+7 (249) 659-94-50,0,1
126,Z17oEtm,grifhHQs3fV@(48dF,bPJ2tPu@mail.yahoo.com,+7 (786) 969-71-95,0,1
127,by1pi*(aLFhZO5,j04RBtM_Sams@Waif,DojLb9Jka@gmail.com,+7 (515) 486-95-84,0,1
128,lmWK0,l3B3aQ0jjvKpS,FWodMGEBUj47h@outlook.com,+7 (281) 659-69-04,0,1
129,lXiUieyHA,(ZBg9maRCmp1J@)whh,jvLv2dstzqi@rambler.ru,+7 (807) 100-73-15,0,1
130,4lc00,pj_0aW2*vcv,0g4eQulNv7pqa7@mail.yahoo.com,+7 (911) 397-02-85,0,1
131,JpjfUy,N@KI_s9,Ryp733IZHuvb69@mail.yandex.ru,+7 (795) 992-49-65,0,1
132,Ffr(IrXYfnGL6u,^wZ1L6@OQ$Clrb,yN9T7grHx@mail.ru,+7 (790) 700-24-28,0,1
133,8%mScnhqLDbpxpE^7;_M,6*5cpZ;Dhf2dGaW@BEm,AFjZQ@outlook.com,+7 (348) 152-44-86,0,1
134,MGD8rommpBb9,t$5bgVxOjr,pPMcKhVwQV47ZDZPm@outlook.com,+7 (037) 973-74-23,0,1
135,Nb_Z(SQDjZmh(bmPXqr,5nOvXk3&Ieqb),BVeS_TKBJ_glUJpvCux@mail.yahoo.com,+7 (262) 645-83-57,0,1
136,VmGg8,O3%7)5BlF,ETNeXrKN4xIb@mail.ru,+7 (993) 228-39-12,0,1
137,CltP^2UUEOmrok3F32%,dH^5AaQWNk,QgR5L@gmail.com,+7 (997) 743-56-98,0,1
138,g*sapT;XrM6,bVd;6uOqV77N%s!iE,w4kmpPtlXop907M@mail.yahoo.com,+7 (638) 997-73-49,0,1
139,y4kyF6Jkl,Ke6Vr&EOL&8y;,0nYWZRgbb1Fj@mail.yahoo.com,+7 (833) 233-22-85,0,1
140,9UHp7pZq,^nBFhpu,lDYIFPT@outlook.com,+7 (620) 229-78-85,0,1
141,;LORkaaIL($H#,gwta4RnFjVyN,qcjKqiWH00@gmail.com,+7 (457) 033-08-20,0,1
142,4d;@Pb9D2t%2,prTovym5pVco1M,7rdVwM@mail.ru,+7 (591) 951-91-91,0,1
143,o3@Ejqym5ha#K8*17;4,cJFLA$Qi;D%a,3KiyN@mail.yahoo.com,+7 (104) 551-72-39,0,1
144,a9DieUoPo,ZxmzB&Ky,EAaedxFt9X1U5vtDV3s@mail.ru,+7 (570) 697-51-80,0,1
145,g_UVi*7gpI37X_oxQ3J,kGff0pumD),_7vH8JCdIbdqCoL@outlook.com,+7 (772) 428-40-28,0,1
146,@qk8MLo,(fZE6HYL8czECfLa@e,408_vW2VD3n@mail.ru,+7 (145) 190-24-07,0,1
147,R_bOq^%eR#D,@cvw8nENzz%kCqJj4yyw,Y_J6pzbDuyNTe@rambler.ru,+7 (739) 971-88-77,0,1
148,YYM*4Zie8L^N$T_,haOgGc#aCQYupplw,jPdGqAhpJTgjJg25LLBG@outlook.com,+7 (571) 065-94-94,0,1
149,)$%7V,SN!saQpK,7otur@outlook.com,+7 (747) 080-78-21,0,1
150,^rxlZ7BmkhnsdJ8,pELP2cMrfjc,bHdvwjQL@rambler.ru,+7 (337) 777-52-51,0,1
151,T(hGRg!Jaa,)OSnoYKmpzJwv5oPETN),S3p0JkOVcYqijF@mail.ru,+7 (022) 500-26-64,0,1
152,p7Lc%,yp#vmjiQBzK%C,vLiglPZutEWh@outlook.com,+7 (554) 075-05-97,0,1
153,rtaFC*,AnmmxQ;B,471Mtuj@mail.ru,+7 (108) 501-14-90,0,1
154,VamQ$&4%P_fywu,;Q^vE0qIl4Q#a54,zuX_KLgdvD17@mail.yandex.ru,+7 (312) 716-88-81,0,1
155,CfQi0(aAHT,W2@LpjI;iQL#_%a6h(LL,DXRBzGMauCh@gmail.com,+7 (705) 689-78-16,0,1
156,m7#Sw9w351TDxI,!!Qtj7Ep&^a5Z,OMgQOB04mtJuhK1XU@mail.ru,+7 (146) 437-01-74,0,1
157,zrz#DkpV,D@ppfxe72mS4ZvcLUVTI,wRE6qbH897@mail.ru,+7 (807) 906-90-09,0,1
158,AbHcIsaSY2vgh,L@$BZ;)Q1hQCvN59qp,B9qQ_fv26@gmail.com,+7 (688) 374-39-81,0,1
159,In%urDrDZyL;DsWp,*19pm,huYwc@outlook.com,+7 (875) 692-72-67,0,1
160,Graz6T,8a4bKqjVSHuF!!w,0nYrNqtiiUcas@mail.yahoo.com,+7 (393) 619-26-19,0,1
161,K4a)gCcbuN3L,pBGva^30nbUkTQxUpe,oLbRkNOWLLwgNmnSU@outlook.com,+7 (577) 596-80-06,0,1
162,c;j$I$$Kpa$,7lP9l(F4%QBlRu;(#XHZ,wJszMygStrAFe@mail.ru,+7 (719) 821-55-44,0,1
163,7%B^Dgn;E3U1,gF(E!QL)m!$SGV1,Xw08SbzsEq@rambler.ru,+7 (751) 180-13-53,0,1
164,e7O!fHtO3,BC6&dtbfp7,PuZU6vHgN7CHIOToOt5@gmail.com,+7 (905) 179-14-14,0,1
165,Gt0^(4,pwaG)uj#$laIuH!T,di35K6pV9Yeuz1AyA@mail.ru,+7 (686) 798-73-26,0,1
166,DN;@vj*qHA2H&,;tCNM$704U,sai0Vbo@outlook.com,+7 (638) 415-71-20,0,1
167,CAFe1(!))Nc,t5X%%6PHs,aNqNR7xtpaoN9j@gmail.com,+7 (188) 197-16-96,0,1
168,Vyl^fnpTKv,hevhIiQph3maMJk#NgH,NFw9YYtySm3HnbGgXXv@gmail.com,+7 (160) 234-50-06,0,1
169,**Qhct##&;bk*n@fp,KTC8sz;3^IQZ^3,XWa_9IXawDdW2ltlWEZ@mail.yahoo.com,+7 (492) 417-10-18,0,1
170,;cxIN$Y&HO%a9#,a8&XG@u,i85fYDBoJLW@mail.yandex.ru,+7 (735) 462-84-64,0,1
171,xl7l4CeE5;VBM#Ls,rIkxoHhatzUt&PM35(s,XrGFtKQntLB@mail.ru,+7 (938) 483-60-59,0,1
172,cKol*A)xxc8k*q,4xT(y_dO,wmvRfMY9j2LYpP@mail.yahoo.com,+7 (767) 036-61-63,0,1
173,WtZFd;5QcnI6flA0!$,ORVjr6sp,3L5kyxojUbXif@mail.yahoo.com,+7 (284) 724-81-16,0,1
174,E2UJL#3Go3qaoT#Y7S3I,Fc93NTcUd0M1n#JEoN,F5UhfyLcFlesLc@mail.yahoo.com,+7 (629) 425-84-81,0,1
175,5^I#Z6,;E*ma,3YUcsHcqNDd9O9Da3DeX@gmail.com,+7 (313) 347-40-38,0,1
176,Kn&oXIXYAy$qaH5,IC1LqE4^O9&a9d,BRn1ST6r@mail.yahoo.com,+7 (934) 214-06-47,0,1
177,%0t&Iy)@o^GRiB!a,0S1!L&^Y;g!6LHX,YN1r1dd2GgmRsxFnQ@outlook.com,+7 (931) 508-00-05,0,1
178,_@a1Yi3)memu@olJpax,m;%&W$(aIgEv,vCa_4sKK@mail.ru,+7 (015) 115-15-33,0,1
179,V1fTmwhGuszr!A1wZOz,a7RtHk$#Np6J,jGsMWDrlnVkZuQsiuRxC@mail.yandex.ru,+7 (036) 112-55-05,0,1
180,@sh_(!ckG$R,z!r)hjNWy5))eskLEhl,e5_5c@mail.ru,+7 (622) 421-57-79,0,1
181,1rO8vWQJ#tStFKjI,yAcB2AhsL!8*!rpJiE,luckc_oOEkjxOxNRtG5p@gmail.com,+7 (177) 652-48-75,0,1
182,Ez3GUAznsjHP@vp#WmyJ,q!l^I,lejDi3a11e@outlook.com,+7 (122) 389-55-04,0,1
183,13MEYvJ,o%AKQJLysOI^NHb#^A,HYf8E1@mail.yahoo.com,+7 (502) 911-08-11,0,1
184,1s9X*ymqYL_2Ky6B!H,Yp6Y*XW$eh!PKchqM^pf,vPvtBS2EBF_EfkhKiz@gmail.com,+7 (374) 170-60-02,0,1
185,_Ndma$_R,GzC877t!0YDSPZ,OHJn_TrtWB@mail.yandex.ru,+7 (996) 095-23-34,0,1
186,PSVf@96vwU,IxnD7t,cceGNW@mail.yandex.ru,+7 (000) 409-71-24,0,1
187,cYCgZcd^4,qHdf4U%,RJgMUJ@mail.yandex.ru,+7 (301) 282-64-86,0,1
188,FrR85B$,x35tkc@M4zBP,qP0iKGxhNQp7Hs@mail.yahoo.com,+7 (012) 423-59-81,0,1
189,PAF*Ws,nn&8XZ3pg&Wa1sDs),S8YYcIIKdPkdiHD@mail.ru,+7 (244) 820-93-27,0,1
190,W^yNEgcXB$so0m%p(6oP,mbzOo$p1rrdpx0h,CjxtiADNcG@gmail.com,+7 (843) 094-70-64,0,1
191,unpY*l1pjN^eNzW,zH^)BdpbrSyx,5yBtd4tVi@mail.yandex.ru,+7 (118) 670-66-41,0,1
192,Q@tV^bVZ,k$)C!uhx2MSC,YSsNv@gmail.com,+7 (960) 903-30-38,0,1
193,zXHx#K,L)fmiw#jqf8a,RgHIqU@outlook.com,+7 (567) 761-19-74,0,1
194,U!e)4IPX9pFCdvI*,VR^6Eayd2RLZTLzR2,rrssHYKH@mail.yandex.ru,+7 (700) 286-21-42,0,1
195,EannK,hAC&z,8k4ZjEZoa@mail.yahoo.com,+7 (798) 163-19-42,0,1
196,kS@hol9Z,GFRFR9g&6j,8SGv98rcFFDYqXz7@mail.yandex.ru,+7 (023) 952-69-80,0,1
197,mTqspyMBX;qYu^TC,pjnA9BB5Z@8,JB9aLe2on@mail.ru,+7 (789) 601-56-89,0,1
198,ddif^rTK6,yAJ5UQ7uqHu0v($$k,hwYTMhLTvTDiRC6p@mail.ru,+7 (262) 962-11-50,0,1
199,)MLBf@g8z#lpi8bDiNp,EJMbMFNmpA25yk1FEtYF,7wzV6Vt4Vhu@mail.yandex.ru,+7 (668) 000-17-81,0,1
200,mNA1rp#@MZayZipE#G,4xt6o1k)Pm5ZEqazqnUv,4mRr8mfaEkNw@mail.yahoo.com,+7 (698) 782-49-88,0,1
201,!gd%W0Ez;DfSo^*;%C,kQeX8kX08QfRtpvI,UJlHdWRuuHbTd15Ug@mail.yandex.ru,+7 (388) 115-71-06,0,1
202,f97W^Fvg3bRfkKx,!jFq(Wcj,voWgByIGhMBD@mail.ru,+7 (525) 225-08-36,0,1
203,mwFVqb5I,oaxF5NwbDAUaHs,FgQUkhc7ljppdQU5e@mail.yandex.ru,+7 (854) 075-42-97,0,1
204,h2BmT)i6apYxnLCj,AJE2gBd8szKS,HbqNJ2CaqAhMA@mail.yahoo.com,+7 (500) 694-09-52,0,1
205,Cx0Ts%#HH4PxaW6E,f(rl(pi,LnCwGMzmyGD4TJf@rambler.ru,+7 (495) 730-10-67,0,1
206,6ShJU3C*P3,lclZS6K7R)F8RqZwo1n,whutZx@rambler.ru,+7 (461) 875-80-07,0,1
207,mm12@)HRWp7S,dFs%macM5t@p!sX,dyRQBjqHm@mail.yandex.ru,+7 (980) 780-71-52,0,1
208,@8rYaY^_1D52*;e,50N_Jbm*SPRzR8K42,puTyOGEtjtZXA97KIKpW@mail.yahoo.com,+7 (691) 579-52-01,0,1
209,gxie*xrX!RgD!2wfK,P8D^(sD9,dO8vWdntAGQg@mail.yandex.ru,+7 (584) 361-57-28,0,1
210,Z529IAmBpiDJtaWp,Nn^1BxEGA5,NBZN9mychq@rambler.ru,+7 (497) 840-73-46,0,1
211,q8r^(F_&O7L,H*JCZIoRGvpnU,12h6j7@rambler.ru,+7 (343) 607-57-82,0,1
212,&Fxi#WG,l_e^!ak,0MdasYA7XXJ6hWCK@mail.ru,+7 (136) 036-97-61,0,1
213,La0CpBjNz0mRszX,SdSDNFp1z^fz(2l5MM,SbxjMXUtanki8GFx@rambler.ru,+7 (184) 665-48-62,0,1
214,i9Y043v&kfsL,ypmsDaNSYS,QsSYL7IqHjSXpgeuv0d@mail.yandex.ru,+7 (750) 206-88-23,0,1
215,Il9nDCagta4J*,Pugz9Vju6,Q_77pNtF@gmail.com,+7 (181) 622-81-26,0,1
216,Fuinp$glBTatTq,RH9%tH&MrA,SdNHBidlsK1FDmxeFj1@mail.ru,+7 (513) 241-98-81,0,1
217,G_pfv(,d;c3J#piw)4Nuiq;,7EODme@rambler.ru,+7 (874) 633-03-27,0,1
218,@Tj7aG50uZE__eSQ,tI0cgFFcJLRub,Ftgx6vHDi@rambler.ru,+7 (672) 846-47-66,0,1
219,aF1Zpx)ZbT,W9FMBo3c!!,nQuGaC@rambler.ru,+7 (813) 840-97-40,0,1
220,8jS(9VT5GFcg,jzj204,yv3s6Kmn0efBCOW@mail.yahoo.com,+7 (065) 711-59-11,0,1
221,qf#_JUW@tUsCLM!uaP,%o10@#pP0Estdkm7qxB,yUj0bROLjeq8vCW1S@mail.yahoo.com,+7 (599) 078-18-38,0,1
222,KrKi&Obgh,UESaOCeauUIo&kLR1,tqiNgQFB@rambler.ru,+7 (127) 199-07-35,0,1
223,46d@RNiqYPRD(@zN3Ip,$lpPaHmU#S74pm),oeZYAEARvFGnS@mail.yahoo.com,+7 (737) 969-19-95,0,1
224,ib)m^c,mT!x)5h1n,m9k5hcOSO1kri6@mail.yahoo.com,+7 (458) 130-35-82,0,1
225,wvmWR26)Z6tt_ZaTO;o,!Nf1P*,mC3KhmwaKDKO8p64c8js@outlook.com,+7 (400) 786-69-90,0,1
226,p_VtTXWu,ChJk7&(BO32$V,uYk79Q6PgGXSiaA@mail.yandex.ru,+7 (747) 059-85-15,0,1
227,wTvBK7,ZmIR1Cfo4we(VSD2,Ne7cWtT@outlook.com,+7 (871) 760-13-44,0,1
228,3#vzUatJdX23r3nIjtE,qoP1Rgugi8avNUyPQvcY,et9xcRgEY_ne5lplQ@mail.ru,+7 (155) 395-43-75,0,1
229,^IN9_o#ilBHjDDp,iy;*v,dwshFYZhZhbmOSr@rambler.ru,+7 (983) 186-31-98,0,1
230,KlmDF736Fyn2Xr_)f,edjKID66,E9F6mjkzqkclke@outlook.com,+7 (859) 286-32-81,0,1
231,gUHwXs&8_PDOscc@LUJ,GmYTjqYh51p0HipAPju,3Z5dHy2@rambler.ru,+7 (813) 257-69-28,0,1
232,fl_xp55*fKm(R4T88hEu,Pf#fE,wsOh7uWG81yGQvxl@mail.yandex.ru,+7 (401) 018-15-07,0,1
233,324LXXMP,nUG77$OX,GRyEyi@mail.yandex.ru,+7 (420) 474-42-16,0,1
234,c)OaKFKSn,DoBrxqh(1,WRkLpl@mail.ru,+7 (733) 142-71-76,0,1
235,jPl_fm8D,f!Nagb*1NLQMa^#w,Xj_psCIb4KBB@rambler.ru,+7 (369) 866-74-54,0,1
236,L!U9*Z!_;vC&JFYcc,mZbYsH,_e6Y26ys2TBj_x_itR94@gmail.com,+7 (201) 342-17-42,0,1
237,*iact_,IIngZ!_Gdxf2nQbDR,03QfW@outlook.com,+7 (669) 309-77-34,0,1
238,Xx;1f;,aKXp1qVV)ake,pAvRaIov0WMDp1Yn75@gmail.com,+7 (864) 676-18-89,0,2
239,zCLVwpJVymCq3UG;t)3S,Z!&9$2aS(pQ3gf6XQ,zryK6SZgjgT@rambler.ru,+7 (799) 056-07-52,0,2
240,IVBCpbn*Ba69Qp,PF!GaihWcB7)Q@,8MXyQzP8ZpE0Cv7BmYi@gmail.com,+7 (085) 926-45-68,0,2
241,Fse9u8GE,lz5Asp5F4ahD,9ukhcKTsD@mail.yandex.ru,+7 (220) 377-83-92,0,2
242,GS$M2&LunIoa0aOKNvu*,b2u%E7ZXppFVCB8gll&d,OeHsbXVv@mail.yahoo.com,+7 (020) 237-32-84,0,2
243,)mz99,#)EOv(&NHO3VFZ1,cFM4gEDJ2fHbMVkWOYS_@gmail.com,+7 (720) 641-86-14,0,2
244,(H&h1sJ_speZTm,5$gyR,ilCLm1mrT@mail.ru,+7 (864) 512-54-64,0,2
245,wgSa7yapP$uWUWr4,X#$;0,VkEWl7FSTgikuaGICjK1@mail.yahoo.com,+7 (071) 238-84-51,0,2
246,z@2gRv*nbX!OXJ7MaT,bjhpMO&aW,Cdvk3yxGAJHUhyoeQ9NT@mail.ru,+7 (021) 857-28-01,0,2
247,#@fvSd4iQe,Nl0^(5KX0mB;JNX,R2GGS_C@outlook.com,+7 (793) 786-98-44,0,2
248,k!3;Yjl,e3yBf)Rme7aFF,JGkN5olBiupnj9@mail.ru,+7 (121) 021-31-63,0,2
249,HsEUd!W,H5p@DmC)%E,h0xMj3@mail.yahoo.com,+7 (031) 390-29-32,0,2
250,6ATpI3I,YJd%SR%qo7k@w7r6$c,ryEEMvl@mail.yandex.ru,+7 (016) 494-18-68,0,2
251,47eaq6lMAe9lY!,BEoEaHG5piyamaq7a,SFlrr@mail.ru,+7 (386) 345-88-65,0,2
252,#UZLs)cs@4WwvtFb*FO,vkpc;Lw,DCjg3deXNXgSpzkwoHR@rambler.ru,+7 (973) 141-54-68,0,2
253,ooIr%,1X3*OuSs,8tCUS@outlook.com,+7 (710) 739-23-81,0,2
254,useQa!xKmE1lc!hMqeS#,^&ctv7Ay5)zqoRU@q,bE1Z4EgTrFGwT6utV@outlook.com,+7 (406) 946-89-59,0,2
255,qNJaJH!ULjaM$dQ^6t,9K!%Uv$m$zU@aw#^k,HYfKL@rambler.ru,+7 (921) 128-72-74,0,2
256,(sqbb,*O_u;M_ByZ0Jfj,jdmg30J@outlook.com,+7 (955) 678-54-73,0,2
257,VygFcb,axdsWm;c,xfYIz@rambler.ru,+7 (845) 278-70-89,0,2
258,AXyJc_$DV0YIW1JL@0B,&eARfAJ4kkXNZ;f!n),H6F6y8Yp@gmail.com,+7 (684) 612-67-76,0,2
259,;oo5$QD,bsMsqyAsoGSpma0t;!Eg,_U1zH5RJ4rN6nOvD8t@outlook.com,+7 (877) 811-08-40,0,2
260,tsn#_sx,@@TJR53QGz,IcwQcz5fr@gmail.com,+7 (889) 289-05-34,0,2
261,)eI3_FtasO,5ja9Gi7y)d*WcaM,lqlg1KacrgWWda@rambler.ru,+7 (640) 140-06-79,0,2
262,xsN(XqAO63,Bi!jI;hy$k9Pza7am,9yJrwSW2ll2@gmail.com,+7 (167) 273-99-31,0,2
263,rzs2#yl2i4KPkSG;@,19TXJQ3^z&)#jd,9l2y3Qbcwu@mail.yandex.ru,+7 (962) 630-83-94,0,2
264,T4OGr3,oUg)eR#xgVdm,Wo_DjHNprA@outlook.com,+7 (413) 970-26-33,0,2
265,2zpAAFC,Ojx!ucHmud,nxMNYLsP@gmail.com,+7 (237) 906-24-78,0,2
266,2szesq5,#4lu7@$qgjsnGd,LudTbSP7@mail.ru,+7 (334) 086-68-36,0,2
267,Qvhae2o96IC5,4HC8YKIs5GvVy6Y!PB,zQo0jrl7RD7qQF5v@gmail.com,+7 (056) 882-35-06,0,2
268,KPv)%NcC#,96X_MoK;p8MXrLy5,qk_6JEKHs@gmail.com,+7 (777) 320-97-26,0,2
269,S0q3gYG5YWgD4Cp2,0gWs9jbfT1eyp8^m,3kyT2@mail.ru,+7 (612) 219-18-60,0,2
270,Ntm13,H#BAREah,7XzdTrn0Eojca@outlook.com,+7 (593) 419-82-00,0,2
271,sZXK8tpKxL,^OFEJ,wwj4XMhi9wo8asWv@mail.yahoo.com,+7 (812) 677-36-20,0,2
272,F5Zu9dFDLPWRd(#1N&,i@%SJl8&,ZlLUXJ4ocZf8SylKp@outlook.com,+7 (317) 752-17-04,0,2
273,mD)$2H,ut_rnXc,NQyoivPwBTvnHCtEVtQM@mail.ru,+7 (021) 272-45-47,0,2
274,c;xGmhxS#F5C$aCr0D8N,wk)RO)OzbQi0%v687,HSvHErq9VHyUwUyD@mail.yandex.ru,+7 (094) 256-57-57,0,2
275,MEm940ZmA,O9;1s9pmWT&k8;RGFe,p4XP69@outlook.com,+7 (390) 738-45-54,0,2
276,lk@InVqllhA),nd)8PjSV,U9LBXWissHs@outlook.com,+7 (287) 213-98-47,0,2
277,mJMx_Mvo,R$ffY49Gl^!q,bSQCpVXTwo2egpWHkyj7@outlook.com,+7 (717) 092-75-13,0,2
278,LwloOfDazmLu$GS,A3$(qv$ec0cbSZoQIp,zD7NNHDjGqlNMK@mail.ru,+7 (549) 823-43-59,0,2
279,f*y;&VRUS_b7a5,aupwjE,rGCNPbrd@gmail.com,+7 (955) 063-53-24,0,2
280,jmVKBfQoKz^Wf*hveu!7,DKpN*hUuGiDX#k$,SZfIaXtKXjxy@outlook.com,+7 (281) 867-66-04,0,2
281,ET#YXlChf0RcHwO1Y,BI5pR(_HD,qymzre57gPKPXb6E@outlook.com,+7 (660) 794-08-84,0,2
282,*8XWL5tjg,xdZiBYtZ(Z@6W&tjqV,tmP2vqyi7438GWD6em0b@outlook.com,+7 (050) 544-00-30,0,2
283,mx8^ZVeO0WN,!v$#()a2Ph,8zr7Xo0bqj3I7IF@mail.yandex.ru,+7 (127) 613-21-33,0,2
284,K28&WpYivx,8wfPlh,R3s_mKH7zp2KNlYX3@rambler.ru,+7 (413) 970-92-34,0,2
285,aEIFzwvgsm6u2ewZF,blxU_S;rqZ0KvA489TX,oPDy2Cle8S8zbw@mail.ru,+7 (841) 208-88-75,0,2
286,ixd%uoa7T2,6XQR1%X%ohWLS,gB0PB8Z@rambler.ru,+7 (429) 782-59-65,0,2
287,5qEcF(ktdU#06J,e1May#Ghzn,bn6Ffv@mail.yandex.ru,+7 (260) 218-42-87,0,2
288,I#e!KWgDwu,di0yEUzQ9UurNZNhz,N6RXGMldmutKpWnSb@mail.ru,+7 (034) 806-86-35,0,2
289,y_oLg38S0qY,a3NV3LUP,XifEAhg@mail.yandex.ru,+7 (546) 428-86-11,0,2
290,(CoVQWk8Qm,^8dS*7q);S;t0bJ,SAH76nDVzDiY5r@mail.yandex.ru,+7 (893) 595-71-15,0,2
291,&D(L(Tku3C^C),FqH3RVHmar,lPPA4tG2n@mail.yandex.ru,+7 (748) 130-84-41,0,2
292,Sf2mFbnWW#Oe,o7WoUUTV,inbNyeBKE7CeO_Nxoy2D@mail.yandex.ru,+7 (216) 160-92-41,0,2
293,H5iC30^n$_H@eX_,akSJlmk5Ga0^QrkC,PPZAHplpQY1YPjT@mail.yandex.ru,+7 (690) 166-74-05,0,2
294,C6wiml0wY!pPblT&,#Zb(glN@bEcNdd,QpmTVYRmVHrdnGda@mail.yandex.ru,+7 (199) 445-08-63,0,2
295,M^#VCipP6mfMvyo1),L73yN^zGINtZOU6671,JnNgxf5Z@gmail.com,+7 (065) 748-30-58,0,2
296,lqR&I;,rItqQ(4s9d4(O,tsT6dFI5@mail.yandex.ru,+7 (044) 286-28-38,0,2
297,4vsum3ZeYmM2@&^jz,HVbU3Vp)B(,RWrkfD_N@rambler.ru,+7 (008) 870-78-51,0,2
298,x5Bu*&KvqfOOHHN!I#YT,mRr33,P2O_P4@mail.yandex.ru,+7 (057) 186-26-04,0,2
299,(vvjQp)yKomz,t3X$g1,IURqM1iTLN4vUIbZjMwG@rambler.ru,+7 (856) 961-93-06,0,2
300,Us&$3bmimhTWE,ESvLHF4)Ff%W&pY&%),ntHSM5aKLQ4x@mail.ru,+7 (412) 978-83-11,0,2
301,pxaXCT,uPMdKvwba^,Tz0UNdpRd_usYhixbig2@rambler.ru,+7 (007) 167-80-62,0,2
302,N$yVVY,ECi3GwKzP*fE2ZTDs@S,NrtEkO7GTO5D_ZWR2rd@mail.yahoo.com,+7 (618) 214-88-16,0,2
303,d@qNV,K)iAGx&a7K5z2O,kS4dj@mail.yahoo.com,+7 (908) 110-37-85,0,2
304,6oRL3lBxSJim@PsrT,Ms)MarBAMGs@Y26,4139yfhp8Yyfn@mail.yahoo.com,+7 (802) 883-87-21,0,2
305,W5P3@T!Ahlxk,Fxdu*aOXn&,0puOGczl2eiLG1r5R@rambler.ru,+7 (457) 009-65-73,0,2
306,ezrRluxlaIGSI)m3,BlSD#_bKEK%,M1oDqZ@mail.ru,+7 (648) 732-59-82,0,2
307,0ME*cyyo;xkNSK8,Xwb2*IGuxk7p$9!,ejmrAaSf0ABRWxYP@mail.ru,+7 (687) 089-33-46,0,2
308,$!o0va&9,GZSz(*,7J7ol@rambler.ru,+7 (021) 874-07-12,0,2
309,vG8Jdcl1!Cn,;Ao2r3vF0ojQSaLyD!R,IxttZ@rambler.ru,+7 (275) 034-24-73,0,2
310,!W*sf8ft7kKR;pg,M!O3ffaU;pyY_mxh,UsBKw0Aby@mail.yahoo.com,+7 (653) 578-52-65,0,2
311,W9qoLVXJRIl,pl@0aqp)XRY0j(Q)ZaG,fW7eYj9TirEcv0mw@mail.yahoo.com,+7 (566) 224-21-83,0,2
312,6mp%)oQnlq,T7tqsBpPIHz$_qJc,NjORC13sYBLzy0Tit6Ka@gmail.com,+7 (635) 280-22-73,0,2
313,qV7dCs193BQ2xnp)uj2t,btXR(VFuHpE,yjfXxx@gmail.com,+7 (742) 960-17-76,0,2
314,gWmua,1uqptHN#T%ETK(N@m,tdMVDX_dx35Q3hnx@mail.ru,+7 (124) 283-85-60,0,2
315,PwcApPQXZKanz&Ni5np,)rut@aC90OuRh8nH,psl7ZG@mail.yandex.ru,+7 (153) 103-20-21,0,2
316,xNpOioZ,DM8av,T15nDOa@rambler.ru,+7 (668) 492-38-97,0,2
317,fqIlGbaZ2GvM8OJC;ds4,Jqd&BC%SkGvfw$9Mf,iwAaPjgYnbXZDcgDSLTF@mail.ru,+7 (647) 764-99-23,0,2
318,0WwmBRQ8mZIqdp*,&ypzj&_,fXiMl8tc@rambler.ru,+7 (432) 489-64-95,0,2
319,PhU!JBTq*pgnvKIXK^,0mpk6pEqZPbyR5xW,0KDHkg4j@mail.ru,+7 (952) 726-26-44,0,2
320,&Nzo7TbEMEpKWus,@(i_A)LNEgIwjBSec(,eBT396g2dV2MVZv@rambler.ru,+7 (881) 951-49-85,0,2
321,TwgII%k^M&HK5*,4R7uR9nVAea7Lg1J!C,59YODU5@rambler.ru,+7 (658) 249-22-40,0,2
322,Kxkfv$2nmJ,LO0)1C,O_JehI9VNohKgkjO7n@mail.yandex.ru,+7 (575) 571-99-92,0,2
323,_^r9xMW2PeqmpT&K3a,Hr4#rTw#E0U@!9,Ell9WPpngUUrahXDjLB@rambler.ru,+7 (629) 261-29-49,0,2
324,p4KBj,4^%SW3Lb##BHp(QXB(l#,CRv6eJx7u0rMns@mail.yandex.ru,+7 (433) 808-19-15,0,2
325,XM&wY)9qm,OedtB)ytUTvhimE^GsS,yaDLYcpPR@mail.ru,+7 (874) 018-38-71,0,2
326,4)&_@,)a(pHa1UHU&0J;&mogi,Lciy8mYIoxtMyzAYjq@gmail.com,+7 (985) 592-89-96,0,2
327,N&;5PtlsY#T30hc^jmc,KMW34z2!%,KugV7e1LF1jka5uINECO@mail.yandex.ru,+7 (039) 794-44-82,0,2
328,8C35IajOmI16wY(jo6V,A(D8uB;Kacx12a(Tk4@,UbUeYJiVX_@rambler.ru,+7 (495) 624-76-50,0,2
329,iW*Ylzg0A!o#X4D,&zPkok3aHTN!jW&,lK3S4Mw3E4RU_zSNgO@rambler.ru,+7 (882) 629-61-67,0,2
330,QzP8am#5kq0Wgg$e@t;X,lc*ItaehWl6g,OOrsf0@outlook.com,+7 (184) 479-12-84,0,2
331,tb;^8qm(,O;ckgVLtYH,F3QdUA2W@mail.ru,+7 (269) 760-31-48,0,2
332,aUNyocw,Fyomag2,L8oa18QCmMWsp@mail.yandex.ru,+7 (056) 232-76-62,0,2
333,WwPnZ;mA&,J4IaLS*,u4XgJXBo@mail.yahoo.com,+7 (741) 532-83-37,0,2
334,)mr#9WTaWBH%oec,LpVPCN$$Ss,C3ztMzvNF2pa0_BRal29@mail.yahoo.com,+7 (915) 576-93-92,0,2
335,cdaMu*rIA,6LvERk,fy5L2OXC@mail.yahoo.com,+7 (433) 083-91-24,0,2
336,f91yYa1SrF,Vfoa60(7e39ECm9udaS,AYVHfh5WYxruZcb@gmail.com,+7 (154) 502-79-98,0,2
337,jdZe%Kc9_@n,ItVWO2zQoR,imPM_tl2sUjdo9@mail.yandex.ru,+7 (717) 950-58-92,0,2
338,Ycsc)u#2a3vf*Kh,C;uMYg!a;0&R&tLIZ(#,iclycrnawEy@mail.ru,+7 (787) 659-36-59,0,2
339,4uB#Rr5ptji;,yC;8QYO@l7IE23,3cHrOz0EkbMdfW@outlook.com,+7 (772) 870-95-18,0,2
340,&ZYYznD,ynB2%KH$oLzbZZ6ohmtt,dxTtXCb3LGtfSx@outlook.com,+7 (010) 913-59-66,0,2
341,&ot0i_F9BI2zQagu,p*7xaj&,BqAEDfHigxW56OtMFwn@mail.yandex.ru,+7 (183) 594-73-45,0,2
342,Dpm$x4,271!ONQDt@,H_dT3yAxifv4Fr2zTL@rambler.ru,+7 (036) 605-32-69,0,2
343,h_q6x*gmWAA(!WwAUL,)wM%mtF0l6ogtzq,3dKaOwP@outlook.com,+7 (736) 619-24-70,0,2
344,El(zew,NiCo1gpCjU,Jrsktw8aZcox@outlook.com,+7 (694) 211-50-06,0,2
345,K;8)$wdt9bm!bmk4t;U,)(nuP2F@aFBiUHi1aQh,tAq8C5pMv3Z@outlook.com,+7 (582) 635-45-74,0,2
346,L&x&0k,sbaF3FMs5sC_),WbknHmNyk_tAMw9QxpGz@mail.ru,+7 (381) 611-14-78,0,2
347,Ow@cn&MZjxTpY(pAbmRA,p@2Xdmmi*WyWZrXf,eqn4Tc5@outlook.com,+7 (269) 680-37-74,0,2
348,8zKH3hfN$o,$vHqC&E0VH0xkaIIY,okdKKr4@mail.yandex.ru,+7 (588) 472-16-66,0,2
349,%iq_C,A13T(ptKaa7ak0(s,rqY3nKf4bR0vIuOakJ@rambler.ru,+7 (895) 649-70-48,0,2
350,WVb_W&3lazx)D,wEzr%nHm,kYpkYf@mail.ru,+7 (206) 061-23-45,0,2
351,Ek@hwXlw*F,lBh9nZUP1%C,3iAuaA1KXow@mail.yahoo.com,+7 (036) 048-94-93,0,2
352,^JqrmpapIIpWEPfBF,2;ypxzcrFL@%,YZWnJ8Ih@gmail.com,+7 (645) 400-82-48,0,2
353,W!*cT(sW7ff#H(wBDq,UiLDdweo3yMsKz7$6,Eahp2CFWeS0DZ@mail.yahoo.com,+7 (310) 420-09-53,0,2
354,XXCpj&y,gEws7ThnZT)PpSm,YNl8pBGnrDP_l6T21b@gmail.com,+7 (187) 466-50-39,0,2
355,3maf;_s1Xgoa,kX$EvTa$R!cl,TToRhsddP8iOt@mail.ru,+7 (735) 643-31-57,0,2
356,GWyQvt7,$ahxKKWN$$QYFf,77hFLYaku23@mail.ru,+7 (442) 602-73-47,0,2
357,H$$Rism,M*uZ$Ev3w&Q,mNq9lzot@mail.ru,+7 (928) 331-87-87,0,2
358,%HIzjo@%CVuTyfS,$(EkvGF1Sw9I7%16h16a,_OQtvl@mail.yahoo.com,+7 (562) 696-68-13,0,2
359,a3N;WmFTtArPfscRw,D_uN7tK0zoaz5,nm2JzniwnZiJwvpzJ@mail.yahoo.com,+7 (307) 011-90-16,0,2
360,sa@EPakl,UhHoRFmlE,IoGVrv5QYS_S5O4n@mail.yandex.ru,+7 (798) 487-48-86,0,2
361,iK9$pmm@qS8#N&Z,@K7fnnujE5YQ2,ti9zeQxN5F32o5bpo2hv@mail.yandex.ru,+7 (990) 281-94-10,0,2
362,IWNRh@BOj0VIDrL,5u*sZhnKaW3tLG4,NaKXlXt@mail.yandex.ru,+7 (423) 759-06-01,0,2
363,aolc%iM^b,oNM^V@,QVe2hYWS@mail.ru,+7 (345) 862-38-30,0,3
364,Ql%cx3OCuN,87^#^_,dZwVJvSL@mail.yandex.ru,+7 (817) 805-80-92,0,3
365,cmDFQ9aXZ3w%#_l%lztb,9moh$YUguN@,Zo0_tHNCPJU@mail.yandex.ru,+7 (926) 289-95-67,0,3
366,_IWmamQ2m,LL^%zbpwjNu*hCFtvC,ed0gD7weHtl@mail.yahoo.com,+7 (706) 157-04-02,0,3
367,C8bzpxHX;n6;$NCf*,Ku9;YE*$jklk,TTBAucobv@outlook.com,+7 (234) 604-75-35,0,3
368,fxbXWHA$,9MFD!N@lF)tth,Lbi17V0zqrc@outlook.com,+7 (374) 443-03-15,0,3
369,6mIbP^a%E;ouAym!K91R,mdb@C%,AdRDM@mail.yahoo.com,+7 (419) 867-15-94,0,3
370,pe*L*GJRv$8NgoaeJQ,B&mmI,ANGguMVSPA2pyz@mail.ru,+7 (568) 852-62-41,0,3
371,Kp#s)pPFY4mih,DPnn91^,ujVgteXbTnCpWAoEA8r@mail.yandex.ru,+7 (941) 340-40-01,0,3
372,2AwVx)FJhG_m4%,XzHWQLb#i%,sqKn1Dg_Xicb@mail.yandex.ru,+7 (344) 242-98-42,0,3
373,LXV^SyQ1yE(RoPxOd0Za,#a*HLHrOQwgwpmM^Qy,TFhwge@outlook.com,+7 (335) 299-18-23,0,3
374,99LvZZlPyynmhVT97I,!RA^qcEHa,vBEkO4DSNG@mail.yandex.ru,+7 (174) 077-69-66,0,3
375,8a*^%W2%!xL,5u3wHi*QD63Xc,WylaWlB@gmail.com,+7 (614) 250-99-47,0,3
376,VQluobmom^(C^pKm4&W!,G!br!mU&@8c,tuBKagyus_YAL0@outlook.com,+7 (731) 874-25-43,0,3
377,8maAapEv,7rY*_GAZNt3O)0,T5G62Wx9@mail.yandex.ru,+7 (950) 597-25-74,0,3
378,IKGlED#u0$u4TIkd,sRUYYy,VzsATj_r@mail.yandex.ru,+7 (082) 456-32-74,0,3
379,ifFKkQ$r*!AYqOX1m,vFX&u5EeLwg7vcN,u9dvz6PS7zE0W@rambler.ru,+7 (261) 408-83-49,0,3
380,E(AkFnnKox$*5s,wRKEA5#Oh%rJY)3Y2um!,qrb2yfjIw5aA8KvnUcN@mail.ru,+7 (468) 220-29-02,0,3
381,kVNmSUR!Deaw*)BbE3&,G3MRG$h,Sb47R0OcH@rambler.ru,+7 (942) 308-24-85,0,3
382,l7rq47cr^pYzrF,V3&z@u*eI9YM,MFz2k5oJ1@mail.yandex.ru,+7 (528) 290-58-01,0,3
383,r;POXe5mA_Ugt,V76qIHEV(upu;*;k9,NFexje683PEStsQmW@rambler.ru,+7 (630) 210-88-55,0,3
384,X;d1z,USSPDJImApx1bT6bzj,QP4Cn5WVirph7kVDME@gmail.com,+7 (061) 160-81-28,0,3
385,N%MA$DnD5e9ynHeI,zzZ0h5hUj3BpaCMSbLv,k1OYquTbidMYeV@outlook.com,+7 (538) 544-60-37,0,3
386,qwpLIkTXlIqes,k2TY!vw2pVj,BeMP2oB10F@rambler.ru,+7 (697) 134-45-81,0,3
387,tt&KSH,Dtwv^p3*70_@(PfT,g_kEt@mail.ru,+7 (297) 057-76-07,0,3
388,sY6Ub7FK,g)!x^Mr2Lh_ot#irgI,_KooHV3xzTbthod6Fl@outlook.com,+7 (882) 395-50-53,0,3
389,LavyM@mf,bwmLIsC(Oe5!RJ&,vcoboX_Gbpc74kf@mail.yahoo.com,+7 (713) 949-48-27,0,3
390,#5M_1PDm!P)SPjUk,JOjYe#F7A0w1,PO2unLwzD_F_SFtt@gmail.com,+7 (017) 023-77-92,0,3
391,yjrlMV!qCTs$e!p#nqTW,WiPBRxOi,8kAIvNSy0EFLi4@mail.ru,+7 (045) 442-08-11,0,3
392,fpgO)&CvX$A,U;^lhR,0pOjQFQ@mail.yahoo.com,+7 (354) 602-83-52,0,3
393,srC13RMBM)2Qt,5@xOxw5dQ@x,2VEVz3DV4zV@mail.yahoo.com,+7 (720) 219-17-65,0,3
394,TjvyO9*6v,dzBPNEZHRXUrx6,4hZyW@mail.yandex.ru,+7 (116) 425-47-19,0,3
395,Izfkznp6xi,OYohtH#M)CnVbvco#Kc,CJUn4VuQvzFkhIBGRA@gmail.com,+7 (822) 037-21-03,0,3
396,NMm(o6wRJL;vVLt,a_m%6@dT^yNt1,R9l1Bcnm_vi@gmail.com,+7 (782) 720-63-70,0,3
397,zc(c@9Wa)w5;so28,Fndbm,01YSIYt1PKwpBXn@mail.ru,+7 (210) 062-73-63,0,3
398,sWX#hjC%*,_&H4;W^M@VZF)jr),MQC3BpbPvSAuenpm@gmail.com,+7 (709) 438-64-28,0,3
399,vc$SJC,uJHTxt8TUdvrf,FeDa1aVs9@gmail.com,+7 (111) 855-81-33,0,3
400,$t&!@58,p(&FmwS_A#trhd,OQ2VjoOd979MoxFgp@mail.ru,+7 (112) 110-85-54,0,3
401,UZ3hkfkD,m8X4k,XAp4SdH56ryoeEB@outlook.com,+7 (918) 074-88-15,0,3
402,0m9zITugnPd(YXYMD0w,jpDjPH2AN,GlrBHO3e6DZPkRq@rambler.ru,+7 (434) 101-09-72,0,3
403,5YazG,^FMSk*LlS9K,5fwXium@mail.ru,+7 (755) 485-14-33,0,3
404,#i5o)1ZwQ,eYgGZ,9OsQRcty@mail.yahoo.com,+7 (428) 638-42-23,0,3
405,N4q3j$BFs0NO21Q,JOhRLaTGrU0h$ICjkNei,mewQB2NnDGv2@outlook.com,+7 (630) 654-13-83,0,3
406,FPDC6S7h,r^myxf$,WSwQEs6Eivt@mail.yahoo.com,+7 (366) 049-13-22,0,3
407,d%ahyGtd2P&E$0Qe*,drRqw47^dm,w3f3JpRRACljP4Wk@gmail.com,+7 (705) 076-12-81,0,3
408,H%yLvi5*5C,eFlXGFvU,g6RWsG18fX73_8Mi3co5@gmail.com,+7 (516) 802-83-53,0,3
409,WIX*pemB,JHcqJ_Vfq7n&!,fB5gh1ZRcgOp6@mail.yandex.ru,+7 (875) 210-24-95,0,3
410,fVjEsk!C,gEF!oLujXAm,EhUUs@mail.yandex.ru,+7 (846) 735-25-15,0,3
411,C6U&vPcIM8UfdSaf5)5^,Y8UGEMXzDIIhuZC0ahY,Ba04bs8lLVES@mail.ru,+7 (605) 822-83-59,0,3
412,&qopM)I5Ulx0AMF),!vGFr3#nqgTLd,pgkqwAmYeEeta@outlook.com,+7 (543) 540-94-06,0,3
413,t7bSVa,o^gZXRSA0Dekc,Qk2u0bitzupcFf@mail.ru,+7 (787) 818-93-09,0,3
414,s^WrCS*auJxBjmmj&A#,$kw_XStWp0XaQm_,o0r6tO4IZeY6KI1dGQRl@rambler.ru,+7 (986) 886-28-83,0,3
415,FmfKsN4EcxrtIklg,VaMwXfZl,OFf9i@rambler.ru,+7 (036) 570-10-82,0,3
416,%DzsQJa;1xopLaLD,Z1oOza!z%o$PcmnC%f^,LdXiDXmnReJzO9t@mail.yandex.ru,+7 (146) 008-99-14,0,3
417,6%lEY9#F90LN)^m@@,yvKqV6RFX@mrd,5M_clP66W_F@rambler.ru,+7 (561) 029-55-61,0,3
418,gA2%8MbnF%J*8i,RTQaWgSkUbB4ooS))Zo,syHumB1HWpuG@rambler.ru,+7 (644) 255-64-72,0,3
419,6D9vLm*ybELM)N3!,rjQnmWhzoKmfs,oGzX5bZXFJfP@mail.yahoo.com,+7 (912) 194-05-50,0,3
420,L#)eE9&3!OywFgLLx,m!6AcWHFWU2mLQ,h4t4z3i1bhA9d7@outlook.com,+7 (887) 534-71-73,0,3
421,Vf^jAA&,pybj$es,WOQhYVxPHaAKZYYGRQZ@mail.ru,+7 (963) 639-73-19,0,3
422,^VaK08Cl3aXc0,Y@@KhIa^*wgBZ*,pJPdw@mail.yahoo.com,+7 (889) 360-25-85,0,3
423,NnfKX,a)F)CwIU_7VQ@jeM,VF7JTaUhEVk1@mail.yahoo.com,+7 (890) 862-27-72,0,3
424,w0eaEp(v*4qD,qJm!us*#A8opX9,FSmUZs9IrC9dz@gmail.com,+7 (605) 303-76-29,0,3
425,EUfPe,exAhjmm^#v@N$,KNHcOoI@outlook.com,+7 (650) 073-04-43,0,3
426,Y0nyuq,^A)ilJRLN!VaYl,8PFUyXrDzUVQh@outlook.com,+7 (334) 912-14-76,0,3
427,9q@2Os,t1tFNM4D8rsk^hC@2LhG,NMVTiAVLyUwE@gmail.com,+7 (669) 962-20-44,0,3
428,KY_^)ROHCkJr3K$%F&m,E9Wu4,j7OlI@mail.yahoo.com,+7 (473) 541-61-33,0,3
429,00^T(TekMPg4t%Pcm,^8JEfbF0VPqJ17Th_i(s,fK1xJOjmI_mfVnz@gmail.com,+7 (900) 398-29-38,0,3
430,_m&2hdIH2L,XhTDfz,3micA_@rambler.ru,+7 (430) 374-67-96,0,3
431,7TpH^7w3w)kpdM0,fXC#e4^RBj4kF!,c2h5gWmx@mail.yandex.ru,+7 (841) 602-99-02,0,3
432,amoV6H!v,0yaj0;B,loge5DPDcM_@rambler.ru,+7 (116) 879-86-01,0,3
433,2Blcy8_b)W,ce@#paDoASD0tI31aUS,C_ajzQnaI@outlook.com,+7 (029) 046-35-95,0,3
434,Mp3A7a6rLbdEl,3YL^O9^S4nA,v368E@mail.ru,+7 (602) 204-39-27,0,3
435,o@r0QT&dlN&H,xf4@n#Q#2,N9A6Xpd3I9N4kNRlz@outlook.com,+7 (490) 936-81-05,0,3
436,guyo&x,!j_3!a$L,44sSp7M5TtYqTMRAdG@mail.ru,+7 (223) 980-76-21,0,3
437,xdAELqaP2L,XQ&(c3JamqnH,k1v923grWeemn5dCez@mail.yahoo.com,+7 (949) 949-35-98,0,3
438,5@Qqy(kcpG9Nl@_@4J,3vkprYLlpB(,o2F_I@mail.yandex.ru,+7 (223) 063-03-80,0,3
439,qIJTmzD@,Ts%bV25morG,fO0F750y_4Kyj@rambler.ru,+7 (397) 863-86-20,0,3
440,EWrZdVUI,W(s9w*o_I1mTJs#rpSa%,kWzovC29MWLzEStycGW@mail.yahoo.com,+7 (413) 622-29-29,0,3
441,kXN_O6c,qvFy5KN94!,D5kaO67bN@gmail.com,+7 (524) 031-52-77,0,3
442,lAX4Erf9EX5mQ_K5,GOy5KmsOeJ0NI#7n,hURpbJ@mail.ru,+7 (061) 272-76-56,0,3
443,8(CjO%tmBxeO&;tmjEvC,SLjxd*tGQa,wukDhkosVniGMsY@gmail.com,+7 (024) 580-91-86,0,3
444,n#)%QaSo6tOAPzAXrW,pvoB2VbP,ab89EtrkgXQf6K@gmail.com,+7 (326) 594-39-59,0,3
445,XHSU9G0aTxMh%1)RmT,hbmxGMNbuGaZ,ttHTi4BxE_T8eYJwk@mail.yandex.ru,+7 (606) 560-96-95,0,3
446,2Gda9!wYUZt,!FpvIM,vCvwFmETLWHsPpc9wfj@mail.yandex.ru,+7 (300) 492-30-89,0,3
447,Y39DQJ_J1BvS1,hkfsBzdYrfpoO_I@la&,jQljK@outlook.com,+7 (111) 042-09-95,0,3
448,;rH4%Ep,x5ENOOf7xYI25mL,9ztJRR8ZX3Wj@mail.ru,+7 (060) 403-12-62,0,3
449,c3Re3,O_aB6fW,tCfwuifHaw2FLSwqsN@outlook.com,+7 (061) 086-80-33,0,3
450,(mEyOra*_Tx$,&LjKmV6wCD;3YN6es,NRAwChrQPn_Pg2@mail.ru,+7 (374) 990-27-25,0,3
451,w_bNEP,#U2bcK;**y,P3c7vg93oG6u_Rgw@gmail.com,+7 (136) 477-41-62,0,3
452,E;M5nmjjmE,#v%a)tg6LU,pQFqLL0G@outlook.com,+7 (578) 275-18-51,0,3
453,qvyGm2E,aHctj0_0cKKjaXEm,RLT5p0M2tI@mail.yandex.ru,+7 (261) 634-13-15,0,3
454,1z%PpNpe*vDE^8,S7Jqc,TY4fwmyps7qzPBdqR@gmail.com,+7 (120) 642-88-86,0,3
455,ecwHT^Z,pgkIwf%@@bMf!GquB3$f,VjNNKLNe89MXt@mail.ru,+7 (201) 901-86-78,0,3
456,N9J*x,VaramNJu5,tSx_C2I6XmRODzWbe5@gmail.com,+7 (164) 560-03-72,0,3
457,gwwMfbQR&mT2cZ8,!na@V03KYp48CMpIIQ,h8y8nj80XwrFA9WYC@outlook.com,+7 (172) 434-66-08,0,3
458,0znTd89bRy3T)_j,Gj$c0E5$M,AJrWZZ@mail.ru,+7 (586) 745-73-57,0,3
459,h)!ZQozv_ncGQ0pI,mj_T94CoFV&I,8i5oVAKeEO2Lj@outlook.com,+7 (399) 661-68-89,0,3
460,qCTOW4E*GpZ,X)zRC!1d(,upWbHKHcNQ66lO@mail.yandex.ru,+7 (079) 334-79-46,0,3
461,I(FFKEUlPXC,K)DjfrTadsrV(O,bEjMf@rambler.ru,+7 (796) 749-41-00,0,3
462,_aGz5%PiNX7*hql&%jVN,(r@ymGlGzjSEz2_,6Je9yCUCBHPvpgWI@mail.ru,+7 (085) 736-35-74,0,3
463,)wmgw,;mP%UzDua@eHse7z,cdLkcCM@mail.yahoo.com,+7 (538) 543-99-50,0,3
464,rbaSmI&ogxo*4!3,pUziu2;zymq&WmYdt0t,hsqOQZsXsUoatI9wQ_Y@mail.ru,+7 (524) 470-76-69,0,3
465,mzCqRV4H)E@a,#wnyme,kjPHkIxV2p@mail.yahoo.com,+7 (976) 502-83-17,0,3
466,r^yZcmrUzT$hI!Ki86)7,^$IFDvw5@BdOFLFzEra,vcTpUVeWlUoZCgv@rambler.ru,+7 (088) 178-38-91,0,3
467,*jPLw4AKu^v,VDFIl5xtpw1MAv*,j6U14bWXWqn6JZeLsk4@mail.ru,+7 (447) 989-63-38,0,3
468,pJGPmaS&@1go;25dYF_B,Yde@;^$O_YV5,Ja0wUCX5GyLuF57J0k@mail.yahoo.com,+7 (540) 171-87-92,0,3
469,fpIj0D$FHbmm3N_CC,oGF456!AW*pgO,Yjz0ftgqktw7VL4KgA@outlook.com,+7 (932) 043-92-83,0,3
470,k#vp3j&BT6nOqtHGR,IYPZB4pQYcHCS9M,Y_8uF@mail.ru,+7 (541) 037-57-42,0,3
471,eIqETlx7uS*,EmUpeq8^,kjO7zsmamsj@mail.ru,+7 (465) 288-57-64,0,3
472,3CmRXqKsu,#6T1iyeJ;MyFlDh1@,h9NjSdUdBNcTlPDBF@outlook.com,+7 (234) 472-93-35,0,3
473,CYJJxWR_IgK7c,ba!p#*JAY6OR@EM0,aXQ82lF@outlook.com,+7 (567) 717-58-90,0,3
474,NuXmchx5BMy&,auTj(#PbiC8K;^yzO,1rX7lm@mail.yandex.ru,+7 (275) 986-53-26,0,3
475,&R1@L,tE(SahJUJQc5ixNO,dfZ1MHTnMYwsrxx@mail.yahoo.com,+7 (060) 596-26-54,0,3
476,4Zt2jy27w0,evpAaD!@a01Bm%MZ^#Zz,ztUd0MCcD@mail.yandex.ru,+7 (214) 220-83-36,0,3
477,uCfNyNs,Hil8Cpx@f$TWRWx,edgLs4KiGbeI2nS@mail.yandex.ru,+7 (227) 420-40-51,0,3
478,_6va0t)o(I96B,o5)6zXwR,UGz8Q3f@outlook.com,+7 (750) 382-13-96,0,3
479,YqA3SxEX!E$Je5%9,jva*3#,JpWxh@gmail.com,+7 (540) 383-74-10,0,3
480,2aptnZ!9%G3Onk,7xt5C$pt&RlYJViH,DEvu2pWuPphMOnm@mail.ru,+7 (545) 188-67-35,0,3
481,pvfzq6,gw7MU!O93^if2seI;lwO,jleJTBul2@mail.ru,+7 (841) 910-35-30,0,3
482,lCH_7#&sQoRZskSQ#,OEoJDcqbUpCae&I5AS;,hND36TuRy7tPJ2hFtHo@gmail.com,+7 (177) 158-98-13,0,3
483,9ZaslC,lIG*RkinsFIdC!gepj,9ikW7l2Pbe55CPw@mail.ru,+7 (440) 063-82-17,0,3
484,prjOf#IBRpDOx54l(94y,*G8XGfLeOgl)qM_*,IxQe37S1W04hki@mail.ru,+7 (161) 609-28-62,0,3
485,ok)vZQlgNHCWrnC^5*(%,FNIwnEMD)YC@%WBgZo,_n4jKD3nSPK@outlook.com,+7 (655) 159-45-51,0,3
486,rFImeqNpb,K6b%tg1l,N9R1UoSNRH@mail.yandex.ru,+7 (954) 236-68-01,0,3
487,gJW5YhWu&p7iT6$F,H33RP8pPFo1F,qy7Um8cYelys@outlook.com,+7 (894) 465-29-30,0,3
488,RIa(RjMW#1jWX#,pFpm$Iv*MMan,DHXvTt@mail.ru,+7 (033) 350-35-84,0,4
489,V;cps&0X(5zfqn%!wpH,XTK&SmYc7,9pW09LiK1zjF5uYdT@gmail.com,+7 (155) 502-26-35,0,4
490,6%9pPp,$wzF;;26GXaAD%rO(Si,g6vaYlMszRK8NNtj@mail.ru,+7 (451) 170-40-84,0,4
491,p@#&@w%jEnFw,h*ljio,NljweYs8td@outlook.com,+7 (871) 547-70-84,0,4
492,OJ8de*0EmpSztDZ,;LbbA,ZRlz5JhKhYD9PvnZ3rq@gmail.com,+7 (144) 823-75-36,0,4
493,AlD;YO%!G*XIx&r,f%By0U0yap3)rnGgm@B,f3wQW3AULjOD_@rambler.ru,+7 (289) 906-57-19,0,4
494,^xwQQfVFv68W_WTTd_f,foV(xC41Dpra,e1icg@rambler.ru,+7 (205) 182-86-76,0,4
495,K;oDHi9K)PW,PJtTaQg4#i)%lZ;,kXqyNkWJnvgByGufQQH@gmail.com,+7 (991) 412-69-94,0,4
496,0Ym@jnY,eHMZo0%w0B0J9x#9,QhVf65j@mail.ru,+7 (082) 708-68-42,0,4
497,$wTT^dsksJ9TD*k0@sKX,maEty$&kOfQj7W,ZuogcuMFL4fnf@rambler.ru,+7 (804) 132-57-28,0,4
498,Ma_xImmz@M8,LO(f5(Z7x2,Ivnv3upCWsPJ1@mail.ru,+7 (406) 621-87-76,0,4
499,sT_Ef,FgN;4MuDyvg)uUGEs%,mXzQJ@gmail.com,+7 (488) 476-23-41,0,4
500,w0k*2K%(6@XXXyTc4K,)5p;HjVxT%,raEMRPNL2Xx@gmail.com,+7 (702) 593-73-96,0,4
501,_CesA)tiA,Aw41KUxDf^n&6ZZb,Na0ovT@outlook.com,+7 (846) 220-17-69,0,4
502,Nc;!*E,jKME_Uyed,kY5tSTiOjby0Cvmosc@gmail.com,+7 (613) 352-03-88,0,4
503,sq4ay753zZ8,p$$KhqoDA9p,rfPe3Vg_mQ@mail.ru,+7 (037) 047-78-81,0,4
504,l$%#iBd%iP5B7,wt)p2BlH_#2z!T@$Mep,0olC80T58iuDelr0ZqvV@mail.yandex.ru,+7 (376) 914-70-76,0,4
505,HAc1pKMyrdLJp,tUuomOB9oDPd*x9Sthej,RQqX9td6iP4Gp4@mail.ru,+7 (174) 623-75-04,0,4
506,nA8dG56TuT6s)rew;@,YJNP$A@AD,ICrybVhL@outlook.com,+7 (521) 297-50-25,0,4
507,Amo#A39HRoC6,(PDJOtejJDNF,W0N8slXsfNfx5WH8w0@outlook.com,+7 (252) 536-14-62,0,4
508,sVYuhGT)S1k7lG,5dulnheA*b2SU@9L,bQjUigU22AzHMnUEgT@mail.ru,+7 (802) 016-82-89,0,4
509,LiA$ZPTj),m&DmpHR2eZS1Ru,46Xbu9KH@mail.ru,+7 (426) 921-36-94,0,4
510,2y!iuwu;8I(8rFYMl,T6PA#XmKGoG%l)yrNopf,fR5EAmDaXzVWFho_@mail.ru,+7 (716) 359-16-42,0,4
511,lHH5%X#37W,N&@5pIpXQKWviW,bjsguHg5MJFZD@outlook.com,+7 (763) 423-09-84,0,4
512,jk8N&v,aaF6kK5r;Zp,bCmOmDHkM@mail.yandex.ru,+7 (327) 083-00-90,0,4
513,2p@xs6vzDKSR,XN#MYT$Tuq9Y(6EZ1,yVHHHR0gWngooIgwy5_@mail.ru,+7 (889) 480-28-63,0,4
514,hGlxEpP@oA8gHFE,VFchRCSM_&8#u$6a1t^,ku6hwRHr@outlook.com,+7 (016) 182-98-24,0,4
515,VgqBBpUD4bU,#9W&T_x4)Kb2q,3LKzZMqv@rambler.ru,+7 (432) 069-41-41,0,4
516,CN1bvcHW33zUj&dM,aNS#4dzOkBD4U_Rfg,bML8D@mail.ru,+7 (176) 810-15-71,0,4
517,iLQP3t7,8I4K#E$RjnS,2AT18HaBtv@mail.yahoo.com,+7 (733) 833-06-27,0,4
518,ml!!&%xlOy,m*af$Br6!U74ay,qo4O6Yi7N@mail.yandex.ru,+7 (183) 834-34-26,0,4
519,@qLK_n;y499;6,4*J8c_gmgGw1))ooSiPw,rhTXXpb3jcG9@outlook.com,+7 (463) 855-10-17,0,4
520,#Lm48nme2PZm,P!7sGp_C3DpWimjZh4Ny,T_wXnM3P8@mail.yandex.ru,+7 (620) 496-11-49,0,4
521,$!@wCx#O,ycMqcy)lpoQR@7,NxoCAau164DjAm8LWW@rambler.ru,+7 (696) 161-87-24,0,4
522,a!Z%HFOzEv6BWr32,5#UpSBC*d8CkXN,a2lYkx0jOxhUTZBENdK@outlook.com,+7 (779) 081-43-52,0,4
523,BpFpr)b1VIn,0AbF!^xDvNci&HbG,IcAaGv50n@outlook.com,+7 (045) 906-11-56,0,4
524,IoGFp^6iH$W40,bc9AHBTUZ,tQG3txiK1gpQyeZ@mail.ru,+7 (291) 586-46-50,0,4
525,SmY*a9Z3ZEO,LcFCDG0dsMho3%b(qe,XzfAl@outlook.com,+7 (816) 801-12-52,0,4
526,K0uxjyyejG43D,IG_7AuiUjs,mW1wz@mail.yandex.ru,+7 (820) 008-86-86,0,4
527,aY55MKohOM*!biZ3IS,d;Wzv,qzm7LDv92utw9@mail.yandex.ru,+7 (556) 635-90-33,0,4
528,Ba3BlHgP9;uXUDZ,OST#y,CTIQNsqGw9aGx5@mail.ru,+7 (349) 838-36-34,0,4
529,9xmN7kmNry0N@VbW6EDy,a65*Hrq0e$3,rkNwwZz1kBa2@rambler.ru,+7 (048) 584-48-72,0,4
530,^%9%_nLO#gTYFH^(,kaettjjWHia,T1miIYlAeS@mail.yahoo.com,+7 (290) 406-84-41,0,4
531,^3JaiKiX,RGHSG)M)H&z5PpceX,wWmyGTg@mail.ru,+7 (225) 750-00-12,0,4
532,w1mF*q;MvT4B8w,!X@EZ$mvZKrF1,A79w6PqqVu3Tunq@outlook.com,+7 (209) 659-88-54,0,4
533,zgzaxWh(H3nLg6Wp,%XGxpioE2Gm2),bWRVkfnMga@gmail.com,+7 (530) 424-92-70,0,4
534,xZF@OZQaq@mq0aR^p,(n*ypKda7iP2kUSvh,dIncetYRG8pn7q4@mail.ru,+7 (234) 928-29-20,0,4
535,H#JQ6,LcWK4OC0c,W4yfQrA83lAvZLj32jWo@outlook.com,+7 (471) 142-38-73,0,4
536,m*mE#UFjPyS_9s@K!N,Oi$$BRPA1$X,NTaKqfDiItO@mail.yahoo.com,+7 (107) 653-23-47,0,4
537,n)&8vhO81(p,1lBG_OI!mXIcHXFdd,LRLFPh1@gmail.com,+7 (267) 316-42-79,0,4
538,WrSXZt1pjg6BiKI2)e,KBh6aOUcP,Sy70l0MU9EdwDsks2@mail.yahoo.com,+7 (622) 513-24-84,0,4
539,DipMC@^gjv4bJwm#jh,yh(pHq17cc0BI^Um,vv8bGJS2qJqs3ZJHDbb@outlook.com,+7 (110) 327-57-01,0,4
540,$a83ic!(Da,(46Z$Ddfn)jM1Qe%Fhg,0MqpPKsZyelKN1MH3@mail.yahoo.com,+7 (525) 639-05-06,0,4
541,Hfamfmjv6y!,pFtI%2R9,5LZnR3Ni@mail.yahoo.com,+7 (060) 403-31-57,0,4
542,7leBqIgP#Hr,(E)aES,TJQVjuK@mail.yandex.ru,+7 (794) 197-70-96,0,4
543,TOeaI,a^f7ZxuVnjaWFphu2h94,j6Qj9aMSx2OZEP4_4l4C@mail.yahoo.com,+7 (260) 978-74-74,0,4
544,RH@oFC*MsFUl_E,&XnKW^_,Pb__6EEc3aaAryFJY@gmail.com,+7 (889) 164-90-28,0,4
545,bE0eHQtNf@3epX7od,GR9%qK,JfWpFw@rambler.ru,+7 (015) 149-17-89,0,4
546,Yle*Vg!*sra&m3QtO,X%&RYZH1b9HDLA,tsj2EpWnGwgZ9kJ4Pk@rambler.ru,+7 (226) 105-49-92,0,4
547,*ccm;Uc5,7do%0Pw6UUQwxI9uYAcg,N52lPRKc@outlook.com,+7 (076) 790-37-94,0,4
548,KStSg*jT@PYUPyZ,#%J99i^l#B*Jf@*V6d,EoGiCHqYrx6xT7@mail.yahoo.com,+7 (148) 398-81-63,0,4
549,f9Dapu!WNT4I,ipYQhp1jB,h0dacKi20t9mu4l@mail.yandex.ru,+7 (583) 071-72-56,0,4
550,U)5tnuh6W,2g*A&GQ9vR_DW1;%@c,U90i6p1nssNhLJ6nX1@mail.yandex.ru,+7 (484) 131-07-52,0,4
551,ZGMAOwWm,YP9PPgmK_kwWa),eNOPPwrwc_Mglzn@rambler.ru,+7 (463) 106-23-92,0,4
552,Q_)lp,1gJVrI77#cT)Hht$,MkWJMCZoOzAvl1mPf@mail.yandex.ru,+7 (179) 207-30-54,0,4
553,qZjy%2_fOmBrd5r9YH,Hf$qNoH)9NFPw%30pB,Cyih6@gmail.com,+7 (712) 418-49-95,0,4
554,a)yob,$tmuwrXaewa,rspW1bq9SC@mail.yahoo.com,+7 (148) 755-79-46,0,4
555,!@uv*IC_,McVvAyLhPp,Fgdt0HeQGWu3_mppep9j@rambler.ru,+7 (871) 737-96-87,0,4
556,W5;^StE!Ejk6Dgd,aI1xxp5a,2K04Otx2@mail.yahoo.com,+7 (932) 816-40-09,0,4
557,pM!f@p40Io,T&Lq)H1,ezPHG@mail.ru,+7 (911) 555-81-21,0,4
558,6j6%3Yjwj(pMO,IOrWKuej7JR,Ok2CrDduh@mail.ru,+7 (822) 201-65-30,0,4
559,Thi1q0)m&*hOL9h(v,3gSsa8p;Wg3ma;ICz)Vg,wEoYc9E3FtZ6vh3c@mail.yandex.ru,+7 (722) 837-79-95,0,4
560,)p5Fv5X(b,L((5k^2Dkk%m,6Vj9lkII3yTkdc@rambler.ru,+7 (315) 443-33-86,0,4
561,8G6_mTnF@*gwUBTJ,%wU6A1,hzsZyKX5D5m5rK@mail.ru,+7 (516) 301-90-65,0,4
562,fLMK(EKzGG,Mn#zbFk,LvahC8gksYRw4PT@rambler.ru,+7 (700) 906-32-55,0,4
563,b5X7owGm,rN3RsCt0PQGD,_ljMzuW@outlook.com,+7 (511) 457-37-55,0,4
564,N4IUe%O,)N@Kk2jt9jLmGy,ke0q5d@mail.yandex.ru,+7 (931) 202-84-97,0,4
565,DNvEkz^nq#6,)Y6I0d#eyJEtl,Z8lwJmHYmWuA@mail.ru,+7 (132) 816-33-08,0,4
566,aczS(,pgUfd,P6t9dIHrK@mail.ru,+7 (376) 337-10-01,0,4
567,pf;Zov!sZIl,BoHUsRzmxQE,3eydvzSxuIA8LFs5lYTO@gmail.com,+7 (892) 649-98-82,0,4
568,DA#rlRKaSuDV0^Xfap,6Mpop,V4tee@rambler.ru,+7 (336) 797-60-66,0,4
569,CJu_GvObAm114f,tkAZI5l!s$osI,uvgLgDv@mail.yandex.ru,+7 (539) 696-63-35,0,4
570,6F44TGUa,(EiW3xC,EeuSxcB@mail.ru,+7 (891) 243-65-23,0,4
571,wm)k$u8LIM,aQZOY,GHUl8j_St4ADoBtPv@mail.yandex.ru,+7 (029) 831-91-86,0,4
572,#U8iJ5FWHyBpbiq#,b!P(rX&jCxJ2k)m5M)1&,a6q16yDtrd@mail.yandex.ru,+7 (729) 790-13-04,0,4
573,NIbESj2F),*NQxke,NnZnu70NG4PnXrKL6h@gmail.com,+7 (026) 866-47-80,0,4
574,aR18kul1hZ,2;tmlim@uQ,yFJmX5X@outlook.com,+7 (545) 683-45-60,0,4
575,Sx(zO1kdL$3p*,zv;40iaz,WWmGR2vZrYQ6HQ@mail.ru,+7 (390) 807-89-24,0,4
576,gj#4Xp,*D76c!M,KS0EwKcgdbSt9t@mail.yandex.ru,+7 (717) 245-76-75,0,4
577,qgh!O67BzcaWl2g61j,)$$qpofn0lfU_VH@HSG,IXI15bsuWX@gmail.com,+7 (121) 998-62-32,0,4
578,Zb9&DO;XAeUa04Nkd,wL_C*SGgPm0A6OY%Ha,8NkKlU9DhB54s9u0@rambler.ru,+7 (963) 383-20-66,0,4
579,)Hq7JEW(A^rca5@,D&LS1I)n,c1fXO4TMFswEa_97P1@gmail.com,+7 (458) 441-41-71,0,4
580,tmMmuE*aNG,mZrQGB#@u!a%v&oSf^F,Glkvvc1tXjtsrdx@mail.ru,+7 (992) 809-47-91,0,4
581,Tm@NlnLpBi4;BG,Xap0Y!zOQxPzbHpr8j,tkPju3bROol6Wu2fz@mail.yahoo.com,+7 (155) 934-06-21,0,4
582,CHtgz*c),e#ycI2gXtY1Ju&,24CZ2RJ7Z6HG4H@mail.ru,+7 (053) 484-63-94,0,4
583,pbXBBqu2r,;3yTdpx,DW7dQTG@mail.yandex.ru,+7 (289) 432-85-93,0,4
584,tBS*4$(yq)NtRs,ha@Pp,p89UB_Vddo@gmail.com,+7 (266) 932-22-52,0,4
585,Elwls$!xp*MLpW_WBl,j^SntSGEq8YSQf89,L3MZ7mav70c@outlook.com,+7 (995) 071-71-06,0,4
586,mqpN9ZmeM,6IivzmusF$Bb,BED9VA1Qpe@rambler.ru,+7 (546) 627-71-30,0,4
587,tKW8m,nNNV;Zms8vqSkRzuiL,EsAnZq0_OHZZk6givE@mail.yandex.ru,+7 (364) 119-76-56,0,4
588,67*@kt_O5YAu,T*6^W43uo#lF4T7AxK,r0DyynBuHR0z1q@mail.yahoo.com,+7 (870) 472-90-81,0,4
589,mlIOg,G6e9*eZbK1,B26grjgdJ2O4gw7cF2Hp@gmail.com,+7 (153) 725-79-03,0,4
590,WDMgZDk,C^Ytaem8qaaD9DF,LZtwpCVUu@mail.yahoo.com,+7 (274) 212-98-78,0,4
591,*QH_Gaij)Pxm8,_Q%k)PBC#dvOOqV@(Xt,j5671euxx@mail.yandex.ru,+7 (751) 844-99-35,0,4
592,YjvXu!HLms%h7x90bHa,O#79QC%RL8,EnLXXMwG@mail.yandex.ru,+7 (502) 623-84-93,0,4
593,rk@9qKC$3mVL0jka2#w,WoxOyah6,UhPAGQ@rambler.ru,+7 (891) 898-30-56,0,4
594,0i0;k,ohakPR5PYkZVpD,Va0iczg0eEQPHXvc@mail.yahoo.com,+7 (707) 403-87-38,0,4
595,iI^wQ4QM&9&WeU4nR5w,a#weo!MhZ,e96BxNWs_ihkxOTrK@rambler.ru,+7 (826) 666-91-35,0,4
596,YgP)YBRU(#e&c_hAB1A,r^G&uaS^Dm!,zNgpbD0UmpDPdK@outlook.com,+7 (893) 175-00-48,0,4
597,JvmY9ASM_;0@fQ,iuUgpEp,RZRgfKYmpdWDhDL@mail.ru,+7 (188) 638-13-36,0,4
598,ijzy3jgx4Mt2C2$,5@DbVN;o(,vaWmMQS2gY6@gmail.com,+7 (908) 251-97-71,0,4
599,Mmjt@$wTSyD@),FD%@zH$M#C&)sbIHpN!,JZsS4sJY9p4A7SxMH3i@outlook.com,+7 (144) 904-83-32,0,4
600,baaFkkiZLbVPuTR2O,KGwM17T,VWGLrrd3Sl@rambler.ru,+7 (033) 529-22-17,0,4
601,LIUp89%9BCiY6B_0,AeWqGmU,nYZUajzZo_wil@mail.ru,+7 (293) 532-65-13,0,4
602,nU2_flnzm6p^Y#1Z6JS,Rl#8OdRNgl8%Id,1GRSso@outlook.com,+7 (513) 592-12-25,0,4
603,ePw^e7DKiCR,s4VnAx^0%u4#2mxgb,wFwqdBV2r@outlook.com,+7 (535) 829-25-14,0,4
604,VaSa8uA)#zRxqCYNrX,3;F_c04up0,SNADTj@mail.yahoo.com,+7 (430) 871-17-88,0,4
605,1LUX06oQu35ZJlgL,Re2d;)D_t6&@w,YXxnbIzjgk7A8Ku1sY@rambler.ru,+7 (460) 549-37-17,0,4
606,kq0#)f!%2opt,q$!!;@,VRGvDYCeXc@outlook.com,+7 (517) 978-29-40,0,4
607,h_9BKXcKSexvI,q*;hu(6w!)mq3KtR9(,CCQWoLzvWO@outlook.com,+7 (632) 921-61-74,0,4
608,c9q6N@&ve&awknZxr,prt@p%ew^,Zs92YqpAJJrm@gmail.com,+7 (958) 337-52-32,0,4
609,pEX1lGzr;ipq7u_P,LqJm3^6Z,XoPSJMBJQv56O@rambler.ru,+7 (293) 848-04-97,0,4
610,ktQ$Q*S,liDkOlgNd_,GHBP6m9@outlook.com,+7 (955) 267-08-97,0,4
611,92E7FaJvm,N09jD7a@ohm2,85KvvG@mail.ru,+7 (590) 962-92-40,0,4
612,wGW;8,JJQ%;wTnVgo)ordiT,3X2h4phOtwXqrBPi@mail.yandex.ru,+7 (322) 767-09-27,0,4
613,)N8cNdn,_Mgcg*gtXb(8XTR,opKjc8EjOBbNBQZA@mail.yahoo.com,+7 (918) 728-92-98,0,5
614,G0WCK;S,5S7i5m,I5quVJEBvZ@gmail.com,+7 (379) 065-18-45,0,5
615,kqYDx^yKaT7Y8,Jnb0AdZN_e8!xmv,kw4BJ@outlook.com,+7 (111) 600-02-84,0,5
616,SVHC(#o2tSmm,deEo*%3,ozwcQNzZW56MnfWGlvK@mail.yandex.ru,+7 (150) 026-19-28,0,5
617,lQEbQ0ao,;nf0)I#755b)ttLBwR,YGYZo_dC392tZ@gmail.com,+7 (937) 048-53-23,0,5
618,UL7x1WcHGZWa&PPEL,u0mu$hV,ZWEIlHr@mail.yahoo.com,+7 (838) 584-90-06,0,5
619,L^e*IhtcR@M1sIpa,nwsKy3uPLdumf&&;S,pPPYeLrwPL@mail.yandex.ru,+7 (451) 436-64-73,0,5
620,2sm%9TLU4X#(,9blXIZna5O^)2hDU5zy,gRMV6qngS@gmail.com,+7 (735) 279-74-73,0,5
621,CNJjFaxj*,65uzcKbccRznmg2Yoqm,bZSUF6_X@mail.yandex.ru,+7 (574) 363-11-89,0,5
622,kEJ(Z,fge104hq9mQZstXS(Aa,Gbdty9n5KZbUzY7xE9Fg@mail.ru,+7 (696) 811-08-76,0,5
623,M*WY*_Frphu*,9#nx8wsGccqzP@6FgSXt,IUOzMO@mail.ru,+7 (672) 142-45-47,0,5
624,v%Rlp#&)apN8LDCXyvh,fHpD1F35,cU4H9@mail.yandex.ru,+7 (906) 098-41-97,0,5
625,(lz3*xaITpYt9M8MLZ*p,72*Tn%XX,yyUtx_Ww3l6tE0BC@rambler.ru,+7 (552) 900-13-85,0,5
626,UaD$oK3kb,aafgg,y0NjP@outlook.com,+7 (810) 999-33-48,0,5
627,wtavFogd__mM4UzSF,QovkJ8r,cBrEvFI5SFSpjNIqE@mail.ru,+7 (754) 436-97-16,0,5
628,2MYeQBE,z$tMn5kuwm$^pr$c!,NxHyLzAjCRrIKUU@gmail.com,+7 (795) 619-04-72,0,5
629,xtT3&JviYPQEtG,OAlMRlkpIfPqHszteG,p1J9V40_C1@rambler.ru,+7 (531) 158-51-61,0,5
630,h%*llVI*UD0waciC,73*nl5,fEKoZxv5q4d3y3Sc@mail.yahoo.com,+7 (161) 709-88-84,0,5
631,%!LP%S;%mvb,$cMp@5mlggN9W,AeXsJDvoQq8@rambler.ru,+7 (453) 075-55-93,0,5
632,5Jd7jsmcqxpga^H,dMqPO@EYUlg^^v,3JxoHVPNq@gmail.com,+7 (171) 093-46-82,0,5
633,rj4WjU#(*3B7orj%9,&iI_fVl#%m1s#,rQO0VBF8@mail.yandex.ru,+7 (697) 998-97-06,0,5
634,p0R)y13L,DQ2G7xX1p^EA,NzVFKU43_JKGD0CTh5@outlook.com,+7 (905) 769-17-52,0,5
635,oB_nyKqQL;2nD2$,%pI0kh,eBMnWsTixZ@gmail.com,+7 (053) 302-14-21,0,5
636,CuZpR24TbG@LEA%pO2yH,UGdh!lz9o%26wSVrs,YGpg94svpjT0y@gmail.com,+7 (081) 202-81-99,0,5
637,uG%BkcsGOWRpouL@,xpfv5,x657gOKm@rambler.ru,+7 (557) 365-71-03,0,5
638,XD;Hs$%a,wc7tp*@6^pacpz$0,m6WgHA0Lntb7@mail.ru,+7 (650) 847-55-94,0,5
639,2A@RUmU,xqw(lgX12jo,7WIXsEcoyhxMUep1iL@mail.yandex.ru,+7 (159) 257-67-47,0,5
640,rsa83CybV7z*Bh,MAcp3GK,M7uOcKV2jVyRk3QZYg@gmail.com,+7 (428) 214-79-08,0,5
641,SuB#G0z%KCkBZ;Xr@m,4Pu!EQt7W$AlRUEKU0Gx,BU_Stp4txOt6@mail.yahoo.com,+7 (897) 607-46-02,0,5
642,eixpK!AZcheU,A;TuW6!#,60rZYlZReFJiGW@mail.ru,+7 (125) 155-84-13,0,5
643,e3JpWC76!yj;;Z^n,IfXlrFC#AUuo2qQAYV,5KLIQ33rCp17@rambler.ru,+7 (192) 134-34-98,0,5
644,uirppLwCv,8F^haM5H#Fc,79kMgX5szjt@mail.ru,+7 (367) 181-98-99,0,5
645,AhP;U0j,PA&E%6FIix$v,b6pzizIlNTR@mail.ru,+7 (222) 086-26-18,0,5
646,5QI@kdzB6E!O,mFCy*daa%L),tioo0lPPdmQ@mail.yahoo.com,+7 (849) 404-13-47,0,5
647,!3%8m,1yZ_fp,aIxkLIIwQ@mail.ru,+7 (848) 201-69-54,0,5
648,No4IS;LrP,a2mwVp82_vp8ZajPM,j5j7ZqXaR@rambler.ru,+7 (731) 115-22-04,0,5
649,wDdIiG,SvLqu^m1cgZS^J7v7py,p7y_wdVILrur@gmail.com,+7 (060) 251-72-29,0,5
650,l_XXu7At4pWe,byng2P,iE3fZ_n7mwBU@mail.yandex.ru,+7 (957) 388-63-37,0,5
651,oj;1dm!PSpSo3LYQs,GpUL5HZoCRV,iH1ofZJRVEg@rambler.ru,+7 (856) 428-33-05,0,5
652,IV%dBppN,8;26a9y;6dqd0!5,3Fh66CT@rambler.ru,+7 (135) 971-63-63,0,5
653,bpn!pZz,lVCMt,tv6DR@mail.yandex.ru,+7 (758) 535-16-20,0,5
654,ydIT5Fjh91F,hXAAVB5#!aFHaSY#mh2,EMQjh1QrCsFRQAv4@mail.yandex.ru,+7 (218) 900-15-39,0,5
655,RERn;T0a,mfIFRPdr,fx7pQLyQuOOQvrV@mail.ru,+7 (261) 029-31-87,0,5
656,^6RSBnAiFzV&Z,&yL$),ShtEfvK1mA2YK@mail.yandex.ru,+7 (912) 272-46-52,0,5
657,rHs1ya96;BAC),q2hmwsvU7bo9G^%,Kd20Yecr@outlook.com,+7 (712) 729-15-19,0,5
658,J0R6!2U$2)pDo4u,!*VHCpMnp*IqmgI#,sgj8T6op11G9brIPAmpc@gmail.com,+7 (114) 784-41-88,0,5
659,pO!l7,L&4p_of2r3Sa@kCMFhYm,YtMLRhbyu2I0t@gmail.com,+7 (901) 878-15-88,0,5
660,_C^wz!Nu*nlF*R9,I&b5OVii,xTS7HG6@mail.yahoo.com,+7 (365) 933-56-44,0,5
661,!_JWYacp(nvMHkfU4,ZCNRm@vl)B,Wccesshcp4dq7tR@outlook.com,+7 (925) 220-91-28,0,5
662,f8TM@boYWaTkN,(lDbogOAq,eoacWJuXkVI@rambler.ru,+7 (594) 011-84-02,0,5
663,wPmmG0fbQ30C(lVtVuHw,cRp1rKLa*jP8,z023WEUqbK2l6T3SCSQA@rambler.ru,+7 (360) 714-89-24,0,5
664,Vbs(pOZ,!a9qEYac&,XAoO6czrGCviUlt6w@outlook.com,+7 (262) 117-43-24,0,5
665,KzyigzmmLxQFI,kOwpK*y;E46$,v5kpHRQ8UKYLd6J@mail.ru,+7 (922) 138-86-41,0,5
666,_^UsME34(*kB,53h*9wALc^pham#,gDBPuir95xkR@mail.yahoo.com,+7 (824) 463-08-53,0,5
667,fVlM0UH1sYmo1iYUP,TyP)yzP;*whsipRa1,0kc_H4VD3pd6zzi1@mail.yandex.ru,+7 (707) 249-36-14,0,5
668,Le0cED$0#K1Aa&,HnNV7lFi5e,GEWLeZSy3LcthZY@mail.ru,+7 (203) 370-29-39,0,5
669,5b@sCBp09,Pa_pQet%l_f_Pv1m,XiGrjtJm@gmail.com,+7 (845) 012-52-76,0,5
670,NeB@**qc9,a8ag2a&,6G_AIIIjHTZ@outlook.com,+7 (691) 240-47-64,0,5
671,PtVnzvtYo;8UV0H@,sWkdYE)K3;9R%,heZIxk5u@mail.yandex.ru,+7 (539) 662-83-25,0,5
672,hQ0E$Kr2^XvtCU4,2reR8JOY;oh9P,4qYnmOEQr0i0hzpm3h@gmail.com,+7 (542) 162-45-13,0,5
673,DmPJ4V#VWBhQ2o1B@$ZX,*@FlFYpkgm!Q;%9AH5^,MKR579Zpg@mail.yahoo.com,+7 (239) 372-72-49,0,5
674,t^IWvpYpTWt^N@)eAap,_gT)Eml0^1_jxWm,sER8J8C@rambler.ru,+7 (455) 473-11-83,0,5
675,ZiBhMlhPtWSj,01c4j72x,DEbNkL@mail.yandex.ru,+7 (985) 171-24-36,0,5
676,AqIGpr8,$yQNdrmklAW8,NLThK6Yn5Uhe2Lc5Zk@gmail.com,+7 (781) 006-44-06,0,5
677,P#We5AsXKoY#G,pMewBeu%oOP#4,k7h0H36vKinJFGSj4av@rambler.ru,+7 (141) 074-78-89,0,5
678,3Cyypz,LXjGT)4,14cMTNPDa5@mail.yandex.ru,+7 (163) 293-04-27,0,5
679,nQdbODay&SYWp,ZnBA3OgcFS_aG!zB,8jpvoG0IvBsbsvnk@rambler.ru,+7 (644) 291-86-11,0,5
680,2Bmyp,smwjF2KTMbv!F6NBa,zSmJz@outlook.com,+7 (802) 894-19-30,0,5
681,#A5G^vQM%tqua,FJxNU#B,pEEM7NaV@mail.yahoo.com,+7 (748) 520-93-88,0,5
682,A2vCv),;3UmW4Yjr,iRVUR@mail.yandex.ru,+7 (853) 704-49-02,0,5
683,$2H7Wfq0Rs2#4pT9^9,kFIapbyX26FNBU,wV8oBqgTc@outlook.com,+7 (375) 060-21-05,0,5
684,WY4gaD^fZ0l7%z39m,O$LoBhN)5v55n,eR_bANH@mail.ru,+7 (712) 776-26-31,0,5
685,^XvvL^*EwXz5,fI_IpAIVJ6,NVrk3811IZS8U9jxc@mail.yahoo.com,+7 (496) 747-79-93,0,5
686,y*46151ByGz,ppaM(tiB,oc5Gjn4Fr1QpA@rambler.ru,+7 (021) 657-53-45,0,5
687,Fx%RJbl7pBAaF@MhDFIQ,MmY5M%pbBM20&7U^Oa#o,SD1NctyZpBtIXYwo0JG2@gmail.com,+7 (503) 626-57-39,0,5
688,MaN*hgPPhYT6x)B,N_LZ0wjMT(elmvNx,9G_owHzBhUHEtM18epyB@gmail.com,+7 (665) 963-32-80,0,5
689,pVWirMzamhN2fB,5&;*UAK1NniO,X4H5ZtGXF9ZwtP@gmail.com,+7 (230) 874-08-49,0,5
690,mjJ_mnE6%ay)RUT,YYp5fyUghbcAYTkK9n,Ow1x3ks@rambler.ru,+7 (711) 669-86-56,0,5
691,Q*A#Q!p%4kRggBaMx,U8AykJJWn14mma(K&4,cvhYVbl5@outlook.com,+7 (274) 179-50-72,0,5
692,!!NzBgm$R!rQ99t,vmA@yD67*v^&h%yVaI,Mdklu4gd@mail.yahoo.com,+7 (633) 790-92-03,0,5
693,rioyt,mW(m1(,zSduQayJXVyNwpFE9TaP@gmail.com,+7 (004) 983-80-55,0,5
694,BgTgkZPeQy9)&2e,pXH$uhm7fc,oSajFFNMLTSxU4@gmail.com,+7 (369) 866-78-04,0,5
695,_vbA#,WTz#XrKs6n2mp0,RMREIl869Jr@mail.yandex.ru,+7 (571) 877-06-16,0,5
696,aauwdF0Ts,aFGk2pHY2,x1bvbO7DTTW@mail.yahoo.com,+7 (793) 729-11-25,0,5
697,Zp2ZXKyp8ipOF,Yh@C)uM(9pe_Dj5el_4,4ge4nSAVjhv0oHH@mail.ru,+7 (213) 673-70-24,0,5
698,HzsAj6FsnYSmf1OtAT,ugexjQilb*s^pZuim1G@,W2PHIbasuj@outlook.com,+7 (268) 787-41-85,0,5
699,DLX3!xH7XCc,9Yax&k,O62nZQv2fQxRzEY@gmail.com,+7 (936) 793-05-63,0,5
700,)j;ZzQ6D3mP2xvF0K,RnVTzliy40),ZZnyKA0YCe6@mail.ru,+7 (513) 344-81-97,0,5
701,kmCxO86fUGBe$,5C@dbAiGT$%Gnr&u9^A,c1YY61yaWGGXA72aP4w@mail.ru,+7 (383) 142-99-22,0,5
702,gm%s3Wd_S@4,rio;_*FB4jr7wRE72,tFyO_qLoU5KMW8ked4@mail.yandex.ru,+7 (617) 292-52-38,0,5
703,tTQtY;iPr48Quze&_,VMNHNo^,ySQnrZ@rambler.ru,+7 (780) 925-54-05,0,5
704,#&!UgFLwp!,w1Hx2v*0iAID&M,MFckr@gmail.com,+7 (417) 802-44-45,0,5
705,;GuhmR)UDaZaSh,;8#$sa*Y&y5PDEP,VdqhB5AgpcC@outlook.com,+7 (202) 252-79-05,0,5
706,sXAzq(a7P#2f!$,6f*D80,26v05PALx@mail.yahoo.com,+7 (035) 007-81-96,0,5
707,*h&rv&zM,ASNmn,9wF4exVGCfwF8kOXwiW@mail.ru,+7 (779) 729-15-54,0,5
708,3wlEvC$PQ,Xzh(@&tBl9P7w,X2Kra1rNEVgQLvjW@mail.ru,+7 (816) 766-70-60,0,5
709,^80$0qLW,0Hx0J#O,Zvt16xGv@gmail.com,+7 (396) 653-26-62,0,5
710,q7BzDb_m,s_Kp)Ej8VJ1%qK1^i9g,OZwA0R9FNMwXHQ2b0p8B@gmail.com,+7 (781) 309-78-51,0,5
711,A1aS23raaq491,OHaSX9ifC$sYc#,xyT73i@mail.yandex.ru,+7 (604) 455-46-04,0,5
712,wj3*#ZCurLzc#0xmzIk$,Z#_z9#As,kLGpRk1Vf7xw2XcgShrT@mail.yandex.ru,+7 (331) 410-69-13,0,5
713,0a^WKjAbC6WOmpnXv,f*z1xG,XNSkTJVVbOlXaXFv@gmail.com,+7 (720) 109-01-24,0,5
714,%Mn(1rh*6mXu,$Jkt$qpX8RL#YZrNrl)Y,sK4T5fizwZGa@mail.yandex.ru,+7 (806) 271-96-55,0,5
715,R8zO1,aaWLk*G1h#Ctm,UpVC_A@mail.ru,+7 (886) 302-63-12,0,5
716,RA(1m*Oy)5X,^3odNmap*F9&SUO,7EvAJw0hqy9fH@rambler.ru,+7 (130) 268-24-24,0,5
717,$@n&O5,@Z;$Z(6W,WTtTd5Dmg9A8dsJm9Pt9@gmail.com,+7 (174) 011-16-30,0,5
718,ls2mk^t4oz$dbLr(m,Ig1k9L,vR1Fro1FUw2qw4wXgYb3@mail.ru,+7 (638) 278-35-63,0,5
719,(om3pORD!oo4;CwcHdF,#^KLf,14HAAyDsF@outlook.com,+7 (400) 774-33-98,0,5
720,*^1cObt$Jhpzt,Hxjc!@sB!@R,0k47ISMWNkv8bFhiUb@outlook.com,+7 (857) 561-81-44,0,5
721,I0_z3;AQI,N1y5O,vBiGZ_@outlook.com,+7 (639) 590-20-65,0,5
722,A@ColTaZiW5iz,xOHX&Vr3kgEQ%O#7cv,6PThGZ9_eOQSuP4@mail.yahoo.com,+7 (403) 291-00-09,0,5
723,3ocGxv7bTMxPS%JRvG,Cp*jG*wU7,V5Zn4cSgR3MH0NIE@mail.yandex.ru,+7 (293) 899-93-97,0,5
724,tUcwwt&TiMV&WpAL,LIjwF9f_VWxrs2B,4kkEDqoQ@rambler.ru,+7 (402) 473-80-84,0,5
725,@qpd7ix7j&vgj7sZ,oy4ipLwCae2EhxV2,kpIVlthi4vJHhpf@outlook.com,+7 (045) 572-19-46,0,5
726,ptny1s9Sptm,5ZjGQpl9,PBnMQxCTklTqkSCqnnn@mail.yahoo.com,+7 (054) 918-44-09,0,5
727,WgIZ8UbgQ,ClBp7,P7D3kQmxu@gmail.com,+7 (608) 733-65-64,0,5
728,*yZ6;mXb,yFZkqgjRg5bT)bl;K,gtioZ81tBDKNHIqOd8SR@mail.yandex.ru,+7 (010) 563-39-13,0,5
729,p4JVNc$)D#2w!0f5,N3mp_Hd#P@uzO2^ibgp,N1PcnnlECIETU@mail.yahoo.com,+7 (351) 143-24-74,0,5
730,M1CDgx,ZtbuWmuUDfrG#W)0s,SxeycGtlA5YXlfcCec3m@rambler.ru,+7 (520) 113-27-19,0,5
731,at3*mLw*9zkjJX1*,f8s^XP^0b#g,zaypWi9@gmail.com,+7 (094) 159-41-09,0,5
732,dL)&Uhph0x,vKaoUxQEaN1^,ThdBjAd4_I3c@mail.ru,+7 (739) 493-36-92,0,5
733,jbL5t4ae#,zGvIdsp&T_b!vQa$Wu,kUIFBCR7WzU@gmail.com,+7 (926) 611-14-95,0,5
734,YC1(FpVSGLHKR,UxbWLlu$4MOcYvR_baJ,jC5rTmTDEScZG@mail.yandex.ru,+7 (213) 808-66-05,0,5
735,m^LQtDFK,hJjW1t%U;d@BPhm3p,UaHucl0NqYLgJR@mail.yahoo.com,+7 (913) 679-15-45,0,5
736,cZ;ONjt,;d6*RGJpSrt(ac,GEl6xlgPTC326fwR@mail.yahoo.com,+7 (989) 545-49-35,0,5
737,pez%a7x8W9cxpbii,losdQa,Qdp2HY075DXXLt6P3xlk@rambler.ru,+7 (631) 705-28-01,0,5
738,MOiaR,;NsI@MqDjz(3nMV6CRKY,dQbQHsFjAGJ0ZweVX@gmail.com,+7 (251) 601-33-21,0,6
739,m*5KIgQ%,qMDHeviKGxFm,LeqjOYoEY@rambler.ru,+7 (579) 147-93-33,0,6
740,ka7rZLcrQL#w,eLnv4#,kTEsA2ARi@outlook.com,+7 (458) 757-07-47,0,6
741,J@DeBo_m$X%U,zFX$S@LOh29lOBWac*Yf,8rYJW7Nwe@gmail.com,+7 (783) 907-33-78,0,6
742,UcJ*bLdU9jV(A*TV8Ge,wksmai)2o8;857j57,DAvBNf8l@gmail.com,+7 (304) 302-26-46,0,6
743,r!XD17xaxR5;dFSU,PMXa4iYCZC,IG3x39dX3Dgewm@outlook.com,+7 (155) 306-21-80,0,6
744,MkIgCa@TMV9S)Vvoj,EHEr)*C,SpE6OXiqx9MkNZDF_@mail.ru,+7 (734) 006-25-63,0,6
745,(F;S5j,*BmRER6phmO5,2YdMjpkex0wdzMPA1@rambler.ru,+7 (694) 293-67-34,0,6
746,QHMEh,o8mYD6qC5HV#eL4B,Tvkf4LeO7TWax9Iq@rambler.ru,+7 (449) 840-87-02,0,6
747,nRg2$%QWm0wro;q(Q,QuR;aF,8dqeGL@mail.yandex.ru,+7 (487) 069-09-80,0,6
748,Wt94&TJ7V_,J&62JfO&rRSV2l5g&,fZp10oFL5gu63@gmail.com,+7 (877) 595-84-25,0,6
749,pyvl^aH7ga,98Jo#,EftyScQs6g7jF@mail.yahoo.com,+7 (183) 400-43-41,0,6
750,0BWrp7tEw9pQP,H6L(Lug_3ai6p6,qjmxEUdzSD898JkQhHj@gmail.com,+7 (820) 575-56-55,0,6
751,vW(CpOB3(CT)m6bR@r8e,OFaf9qf0^BOmOV,sQlg7Evoc@mail.yandex.ru,+7 (873) 958-92-18,0,6
752,XP^WwpLK5ao3%pl,8s%fYbBglZKKZL#TMX,uLkKSIc@outlook.com,+7 (337) 475-52-06,0,6
753,DmdmRZJ0bp@gK^b6UNs@,LVI0h,abFwCV@gmail.com,+7 (594) 392-40-75,0,6
754,kfyXqI,9XD;6lsfy,VWrRaG2@mail.yahoo.com,+7 (289) 916-15-69,0,6
755,RWBto^S,pUu21,v5mTk8VlVgOy9CH0mRb0@mail.yahoo.com,+7 (756) 705-11-92,0,6
756,&;3k8Qa!!,sN;Pm8;Oa(o7;JEsAyu,DSrVmO@mail.yahoo.com,+7 (403) 760-93-93,0,6
757,zrnVaG,qV)vDfmv1appzan$,IwFIeQI1RNUH0m2@gmail.com,+7 (793) 288-95-05,0,6
758,SDY8Kv^s2a8uMhb2q,nHr_mQ9pNgQOgDhH@j,0meaghboV5fqPTRmr@mail.yahoo.com,+7 (505) 792-74-72,0,6
759,z37ZdlzCi2xRid_A8KZ,J7uSe;(vQ$EHmId,9OGkqV@mail.ru,+7 (063) 400-14-56,0,6
760,mcZYp_iDmxH1TD7,GicV$V!,zMNbbcsO5lzN8h@outlook.com,+7 (276) 708-51-88,0,6
761,wL16gFm&H$,MaGX*Ut5Hka,o3mcsn340@mail.ru,+7 (300) 992-58-91,0,6
762,lQoB4HL*B,4Cia3ZRDsVfiZ$4,ghYvbFmb@gmail.com,+7 (979) 703-78-23,0,6
763,jORgZ,m)piBvVzV&tnX7Lqja,Fl9CaO30J2iPI9GCRp@mail.ru,+7 (107) 312-64-99,0,6
764,Hqbpzm^XXw$v@5,e5FLLOGr,swUgzfOKyLA@gmail.com,+7 (213) 595-99-75,0,6
765,pZ_*Lj6Bpf,a0M492V*K,9zg4Re@outlook.com,+7 (686) 064-19-26,0,6
766,ywKReaqF@d#;*F^tdLdb,pj7pSM,r8ZO9fKlifUvx8h0@mail.yandex.ru,+7 (850) 583-21-68,0,6
767,PwNu2FTm,CVm!epd%q,41sku@mail.yandex.ru,+7 (327) 782-53-52,0,6
768,&26%9mybuM85r@,e$lKVzQ^Ups*G5^7,4E9qzo@mail.yahoo.com,+7 (985) 172-53-02,0,6
769,nG)BoS!fg$^,8;lyg4;w(,GSBS4JOz3xf2P@mail.ru,+7 (236) 787-40-57,0,6
770,nLZF_t8720C%VLaU;aE,C9Vm4rSb,g1e5EOW0OHx8ZQtWDY@mail.yahoo.com,+7 (919) 663-80-25,0,6
771,D1!HFkthMR2@1C3r,c$(niDi)Czb,MxV0uKMJfr2tY@mail.yandex.ru,+7 (282) 792-44-53,0,6
772,6X!fJTOhd4,!%*%qxmMm*,8xSB5JCmxgMAVWyi9No@mail.ru,+7 (014) 522-28-34,0,6
773,mxI&1HXEsU,RHky;G2HMxGPAmXiY@B,9JosA@gmail.com,+7 (875) 876-71-35,0,6
774,%DJU9FE61_M(RY;f,la6$CSi),jS4JE@outlook.com,+7 (329) 741-75-90,0,6
775,HYHONPPppaY,MFPiy4m7)%1UhWP8aQ,4qtazsEuZ99Zb3N@mail.yandex.ru,+7 (169) 050-26-12,0,6
776,h;P;wpB3mU;9plWtb7oM,8Ogy8Rq4BJcLB,ADqperTiazu@rambler.ru,+7 (407) 002-76-61,0,6
777,^1G$hvVH3x6u,Y%%WRn7Oe9P@pd,8vPg5U0BUYhb9Jy@mail.yahoo.com,+7 (963) 597-02-72,0,6
778,3ww$paOV&%2,G)lOOgJ#gMteUj,GNFxg@gmail.com,+7 (581) 859-50-99,0,6
779,^p*p9BXikQE1mSDBe,Erl_f&(5;fmcS2a0ivX,HQqSIMMnmEIB_mmP@mail.yahoo.com,+7 (793) 475-12-43,0,6
780,6iRXz4h^,aZI@^fqm@%g^m)sGTx*l,ltqr8ZqwpMQUu3Szs@mail.ru,+7 (595) 629-31-21,0,6
781,2#U7#fxVSGDDi$L_,0A8Vzfh3K3k4oP)m,6Fh4RiBhxOdzdKQsuT@outlook.com,+7 (627) 011-37-18,0,6
782,l%C0X4yA72O20_s!FklA,eiL1d3@Dc8XK;qvF%B8,G3_jt4Me5zq3aRBwLHk@outlook.com,+7 (836) 780-16-84,0,6
783,CFOTtRydYSE,ab0rO^DG4I9,LKJcrjEYesmnK@rambler.ru,+7 (687) 136-89-49,0,6
784,)Hxa4^GN!8FOQJtxC__a,DOFQyK4,lqrTEuh7MBTFZcsuKB0@mail.yandex.ru,+7 (438) 126-81-14,0,6
785,PMzzZ9f6v8D@eMo3,@u#iiv%t%ZMt;Ah9K,nOhLjUeONa0bc@mail.yahoo.com,+7 (756) 193-38-18,0,6
786,%xb%#h4YxgDoTIr7,kK@92CgoD5HBL,Fd0kIoSqmeBnZgZnDQ2@mail.yahoo.com,+7 (672) 938-22-50,0,6
787,vS52TOJ,nehnegrr,kJG4amLyuqXdqCrgj88p@mail.yandex.ru,+7 (843) 326-26-08,0,6
788,VQwACFp30Z,Cm06QIme,a3f3hLI@mail.yahoo.com,+7 (364) 624-66-79,0,6
789,4Kwi!7DC9NICqio,PTI%^(3t,rXcFOE6dZUKeSrQy@mail.yahoo.com,+7 (046) 267-98-98,0,6
790,&Hl%k&_ue@S*F$A,(&Op33Way,AmyKiAd5SSPqSLecH66y@outlook.com,+7 (018) 337-65-73,0,6
791,;D#Ec6Hf@,h(BAoNlLo$ltCSYqpnk,Y1c0lpRlulOS@outlook.com,+7 (204) 526-96-18,0,6
792,xD5*h5H9g)aF^U19,EwfURGFxU%hQ(G%90x,ak8jc@mail.yandex.ru,+7 (354) 046-63-93,0,6
793,!3EyM#vp,8!mL(3wY(yi95,lEyr3g1A@gmail.com,+7 (891) 333-07-88,0,6
794,&a^6M2!XZARgKasm$wV,yazKH5ZVUmx^PJvxyNH,PiwCA3TspHCeS@rambler.ru,+7 (481) 005-74-42,0,6
795,)@Mf^;juR;,XwfJa$3!#a*%4WF!!b;,Eyew1iMRuAbVd@rambler.ru,+7 (048) 974-72-48,0,6
796,FNb#7yh_JlE,kTKC$rAnzg,QWhW2tX0HIKt@rambler.ru,+7 (912) 147-00-63,0,6
797,RMpXn;KC*@TJpxMU,mrM*z,MjDKb75m@mail.yandex.ru,+7 (255) 050-44-19,0,6
798,!9@c@pfMm,cjWdb8&$eJUUa6O,NeZPUGIJC@mail.yandex.ru,+7 (009) 168-84-20,0,6
799,Hyzja7e(RqVD(nw0GV,pvm;rU(pjP5%6c,qro4LEt1pTaeg@mail.yahoo.com,+7 (362) 163-46-66,0,6
800,VWRL$7)*o#EiFtB&w8V,aF2pn,T10dYXQthZVWFxp6G7@rambler.ru,+7 (375) 786-55-92,0,6
801,bfjo^w6p8S,qBh0_e;g,GMofgkCLmcDuI1@mail.yandex.ru,+7 (457) 404-85-07,0,6
802,f8Dkq3wCys;_R,R_#adkTT,iJjCS9Waw2cV5eZ@gmail.com,+7 (099) 846-11-95,0,6
803,miKDm,aNwT;,zY8ZGaMs@mail.yandex.ru,+7 (728) 665-37-26,0,6
804,9P9CSsVhAjgL),S0!DL_,fNoR3PvEaGA3OO0X0P@mail.ru,+7 (861) 473-01-60,0,6
805,Bb0vM!Jtfr5#bGdF,@ui$paHFI8J%ty#^rV7,cXIODTBd0m@gmail.com,+7 (373) 728-15-81,0,6
806,#a^Tlfn!EpgCvWCzL,auiitiO0Ahbr2,NzsdWr0Z@gmail.com,+7 (420) 311-29-66,0,6
807,YytpVHlqh*#Ck^n;,T_jz9Nw4,klBArpwgSMFpvQkCg08K@mail.yahoo.com,+7 (550) 261-34-21,0,6
808,*Bfa8UB,pC(3Yqu&_ig4,FJyU06pqVKCfZ5T@mail.yahoo.com,+7 (439) 667-12-12,0,6
809,rdgEpFaSOiQG8@_N_&b,e7yHCp,hpRIec5xRJIfqDjE0P@outlook.com,+7 (085) 604-17-48,0,6
810,;lo)I7oBp3na0,PE93RzMeI_gl*Cz$VtL,Azfo89M78@outlook.com,+7 (128) 906-56-86,0,6
811,SbF#g,9wiPPMq);Es,mTAFNPiemRzpxO6QxKn@mail.yandex.ru,+7 (473) 013-43-81,0,6
812,CdqhpJWM,N^ZO%O*7p6FAv,1XFEy4JkUe@mail.ru,+7 (947) 989-79-64,0,6
813,cP*5#SrZ@b45I6fm1%,UIkDTgxCU($soq;ZsnB,H5dMy@mail.yandex.ru,+7 (811) 245-60-92,0,6
814,#nD@a*awy(%A1,K&9JBaGZ7FKLyma*$^pQ,BJARVdnaMj@gmail.com,+7 (793) 555-88-33,0,6
815,SOwnnr,6G9Q)@L;nivRU8e),skn3xZtU4UciPQ1ZD@mail.yahoo.com,+7 (104) 427-02-42,0,6
816,Sd6_hj&Jm,pZQrCYecFLSgemar,cTZIWAAMZeZMcZY@rambler.ru,+7 (343) 558-19-13,0,6
817,VghFqm$ZYmmn7ep45sp,%A^)h!#X$,npRJIt_Jm4cjqOL@gmail.com,+7 (037) 522-71-52,0,6
818,JIWiZa(E$b,_FiSgHss4(sT,SUBtfMw3KkBgEC9BLeV@mail.yahoo.com,+7 (246) 903-78-13,0,6
819,rd&fa8*;,;gSYdJ5,buc2obg@outlook.com,+7 (438) 395-73-11,0,6
820,Na%3HFJvL0D#7six9tOZ,e;p*E5r_XpmAOXq,_uc1ZdohHeiDZKDR2w@mail.ru,+7 (891) 988-89-89,0,6
821,z)a85QlvYPMiCxUwpeM,v4j7TPlglmv,disotZUdp8Z92cZ_@gmail.com,+7 (272) 158-14-62,0,6
822,d&DJJ^wr6,KVatIi,VcnPo@rambler.ru,+7 (259) 105-76-28,0,6
823,YTUC$P8p8^ya5,)8(;&,d2MlJM@mail.ru,+7 (057) 096-22-61,0,6
824,v)_^EwuryW,RpQaTxv4rNpN,ool7ybusKK6SC4b@mail.yahoo.com,+7 (588) 975-12-42,0,6
825,*bp3vUl8_eptR,q*&y_f&BhXqXtKU^,GyqgLMezAC7niL@mail.ru,+7 (106) 098-54-42,0,6
826,UJGsN,Xd@Ztk*,dTEkO@mail.yandex.ru,+7 (214) 594-92-22,0,6
827,w@RyecRGmsK5^;JB,hxC2BJVc$Ct7Tx^L,zlGTXNezvlEoKjK@outlook.com,+7 (919) 797-40-54,0,6
828,Z@eaSP66av#6,gE1ptz!)daom,dzKGReMhedvp6@mail.ru,+7 (054) 336-67-14,0,6
829,dDCowlir),m;gYmJt,Sj2zZArVD14CbTk@outlook.com,+7 (038) 777-67-88,0,6
830,j%pYD(YpA1*2,&gh;R)&h,i_4hXNbb6yJUrJP@rambler.ru,+7 (119) 975-31-27,0,6
831,pccghx4,1PasYB*;avtU,oIcrmFq6W1UH9@mail.yahoo.com,+7 (614) 371-45-78,0,6
832,ZOB$LfRuGHISUhka,YYIz&Cpu2LGi3S,iT1v7KjoQ_4ezIB@mail.yandex.ru,+7 (604) 804-68-62,0,6
833,hc5p!;AY_qe0Sp3gP75,xBCma__(7$eUir6,AFURmwRW@mail.ru,+7 (697) 101-18-43,0,6
834,^bx1i@T9,ewNifI,D5QRR@outlook.com,+7 (155) 655-55-20,0,6
835,AsFul7Uk,mX@$alc,wFncE0heB0lggJu@mail.yahoo.com,+7 (913) 859-41-68,0,6
836,SOV2t4,e5IM2Y@VPkiSik,NbS0n6GUv8qC9Qtkhkp@rambler.ru,+7 (816) 796-23-92,0,6
837,eNk1R,cOB0@1m,IO5sY99WA9M6vI@rambler.ru,+7 (646) 006-72-66,0,6
838,M$joS%t^V,INcaS%^pNaW$kZ;,jxFCWz@mail.yandex.ru,+7 (457) 645-53-69,0,6
839,pCj#ng41mnhwpcku0,3EC;itYyEml,ra95XcKKqR@mail.ru,+7 (203) 345-82-61,0,6
840,sVL!4mo$,Tv#Pbyy2jD)!bsS,RWWUGjizzaylOf6d@mail.yahoo.com,+7 (124) 899-37-81,0,6
841,Km*eN!QKGuR6fQF),i3peJN@lqi2AHypmMno,JVtxZsA1m@outlook.com,+7 (464) 604-63-69,0,6
842,;assa,gMRUkIe7)PCayhj,p9oH2VrODZHhXwH83K3u@mail.yahoo.com,+7 (264) 577-32-23,0,6
843,rDym!fbHIW5xBjMOM,(153;L,Wewz2X7u07UFVXOj2mj@mail.ru,+7 (495) 802-22-03,0,6
844,rOP32UaJ25jvphyu4do,%kIklza,u1QUb23DjWt7i@mail.yahoo.com,+7 (737) 568-68-95,0,6
845,AQH)b3%X%tOlc,6ent*md4J*g!1ZQe,wIpDSydiIa@mail.yandex.ru,+7 (594) 759-69-98,0,6
846,q#X%0,07m8KXNIRbDWHzQoM,CNDNJVQSPn7Jm@mail.ru,+7 (790) 716-95-14,0,6
847,VlLcS^,GCa9n%Wg,jje6cMsAY9GM2956@gmail.com,+7 (312) 583-50-66,0,6
848,di$T$I,$Chl_cm^$Uez,Y0ph2Ov@rambler.ru,+7 (175) 426-24-76,0,6
849,@ztn8CV)rE9OU@oDI,CpHi!avRZT)V@,PoAzvnaLxpkL3@mail.ru,+7 (791) 422-19-31,0,6
850,OcM4qmMU9rrjnL5(8z#,*EXKE3mzNs&FJzQw$n^,YgxgmdVzCf@outlook.com,+7 (708) 518-95-62,0,6
851,_c$77YhKLAF&fzQaP,Dn@6pI!OTw3,puPqxob390GPcm2ak@mail.ru,+7 (207) 821-94-05,0,6
852,9q61(%b$x9BB,LJv91Wc,tKWcWEQ@mail.yandex.ru,+7 (682) 517-42-00,0,6
853,264I%j5yZ,FmMRi8i,MnHAqhP@mail.yahoo.com,+7 (336) 939-08-69,0,6
854,*r9GpEliC;p@c*U%xD;,TJoaMOr3&LTA,dWxSWD@mail.yandex.ru,+7 (912) 057-54-45,0,6
855,XQ4NKYbC5qF;,heqsN*c@Vmau616smK;f,oiATvsp@mail.ru,+7 (995) 833-11-08,0,6
856,I!lupdKoP8,j2(mSSNP_jf0I,cSuXl@rambler.ru,+7 (225) 102-62-41,0,6
857,ga6(fk,y(EGpzWd1@XodXmp;3,Wl4MJrOWXGBE3A4@rambler.ru,+7 (951) 048-68-88,0,6
858,hLQJqPn9W7h,FitO&a^9(@FpOD,OdD4UbG@gmail.com,+7 (803) 999-86-57,0,6
859,UdbgV*8oMmgOX,gE)fiOxm8^22hnDygp%#,PyvEcsKf@outlook.com,+7 (290) 069-44-38,0,6
860,AkQ9^acIl(,Oe7N^Jr@j,sZc7A1@gmail.com,+7 (704) 151-20-72,0,6
861,gEq&;aYoC),yMt_0Dk6WZWGgy,_0qXa9kckwBox@mail.yandex.ru,+7 (341) 711-66-43,0,6
862,40DLx,KAtGoRuwH;ts,dzrI2FBu1v2Sa_oV4wh6@outlook.com,+7 (282) 768-47-37,0,6
863,2x3WhVSNgjH&,2k$7i;CtXbd_KZaW)as,B10h_zdDb@gmail.com,+7 (301) 703-17-17,0,7
864,3^*9G6P_Uh#cUdrkG,4lkjIJZk%)KET^ae,ZD5jmKiGEs9F3ym5mXi4@gmail.com,+7 (310) 825-92-54,0,7
865,N%p#&DcY*iwpt,5AN28qu!Fl5gUxV@,9MCFNX4dJbKYK8bmoa9@outlook.com,+7 (626) 859-03-90,0,7
866,$@AujjdJr@^,ap!v2N@$8#1LO6i,qjRYsbn1uYoPrr7aRvI@mail.ru,+7 (283) 928-11-16,0,7
867,L9oiHw&^5pbL,2T316thK,gu5eGCZVQlKUpqA47y@mail.ru,+7 (896) 264-37-16,0,7
868,WOTXCcxzra5XEU(&Hw!v,hx40CLkkvJ@hb,IsqE8FLcfjvP57@mail.yahoo.com,+7 (227) 364-89-29,0,7
869,Dx2_Kh3hpp;j,he^#FCH3YeFQ,BLBpaSpE93h0hZ4bp1@mail.ru,+7 (442) 956-97-14,0,7
870,KnH8mvB,tujS_,LzUTPUhb@outlook.com,+7 (069) 793-15-79,0,7
871,m5419vc,)(oUeia;ozup,UblSjiG2bFhN@outlook.com,+7 (214) 540-17-67,0,7
872,;t2TmqWB*9F,Tv7dMw*qaFU,2VwzNujFe3@outlook.com,+7 (803) 928-72-52,0,7
873,owqRvVpcS,U_%&7)ENT,EKBtBKcQHeSNSOL@rambler.ru,+7 (200) 247-19-57,0,7
874,w)CmuMX62Iqgnd7x0Bb,yEnn()e)Y;hVMHLoK,cSPuOVEkxb4F3Xzc9nN@gmail.com,+7 (800) 474-81-51,0,7
875,DEramm^(s*&,(eV75zl,6XjSY0hC6FlJ@rambler.ru,+7 (108) 795-77-51,0,7
876,zqHpj%Q(e&mo4,OzL224k6*(BIU1API,axq9AdAIY1N1pUc6ryG7@mail.ru,+7 (725) 270-23-54,0,7
877,(B6U@7lfor@CY__k_yt,pmo7C,OReLspi@mail.yahoo.com,+7 (903) 599-64-95,0,7
878,$RY)u,mbL2(vKFZ*^XW,gQp425QaIFD@mail.yandex.ru,+7 (777) 111-81-59,0,7
879,!V3psCTmhQ,OhuzeH&yEB%yN,5epP9KNLDW@mail.ru,+7 (197) 962-26-02,0,7
880,hJ$@j,m0YMkD(apjPh,cdf6GUnl0f4QF@gmail.com,+7 (117) 680-47-51,0,7
881,YD5Mb^hMBrw1Bhz,hnNw!a1&h,KGasyLJ4iUCPSIEE@mail.ru,+7 (420) 920-75-85,0,7
882,m&8ALH4S&h,i&J3DdyYEDdr$l$rn,0JbmgSVGrcZrZ3TQfRlE@gmail.com,+7 (445) 203-91-86,0,7
883,aX&8@y)pJyJ#H&F6e,^xnm4ArsSh9,88MXfndUduNu4Aaj@mail.yahoo.com,+7 (831) 587-62-99,0,7
884,dL6ur&mZ%g#),cqUodqfqGndJ,hLvInsewlLj7MBxMNy@mail.yahoo.com,+7 (796) 615-21-58,0,7
885,K%4t4S^U6ecM*u_L,K30LYp,Y_KxjUlTKmBVoQh@mail.yahoo.com,+7 (580) 022-33-37,0,7
886,yv8&g@y,wnB71J!$pviipUZI%eN,PfswXZpsGGEpR8Ub@mail.yandex.ru,+7 (875) 009-38-10,0,7
887,h*&))r!0;E4GMnU,jprh;),FYcXf9jvUzc@mail.yahoo.com,+7 (908) 519-41-91,0,7
888,zooXCzOamLaPnOmg8u,vZYL5!m9%Pg2,GHE0DeqpJR1AO5Lc@mail.yandex.ru,+7 (907) 159-77-90,0,7
889,EnFx*3mvyvu%6KHlOJy,EQRa2X7J,NZnvl3510Kt4@mail.yandex.ru,+7 (186) 502-96-77,0,7
890,ArNa1_j;m2Fz,CvvaV%8vJzRNa7p,rf000mew2zb6PZ@gmail.com,+7 (922) 099-46-86,0,7
891,Y!R&!d,B!%m1r,FYARtlp8oYMZ5JPl@mail.yandex.ru,+7 (435) 596-54-68,0,7
892,(Z%mbKj&J!A7xbGJRKE,!Z7Xf8mSPPPTASYkRQLm,6MD14QibiUruk@mail.yahoo.com,+7 (429) 427-59-05,0,7
893,GTY$z%p)Uq,hd$MMDvnhNa)hwZ%W&,rtcj7j26AjOe5D@mail.ru,+7 (026) 109-02-83,0,7
894,VTXaQp7Ocr,K9zLuz3J%nt4vLI,YcQn9atF@mail.ru,+7 (516) 142-84-24,0,7
895,6yg@mRamXX#,gYNw8ytd^^JH%#,dmTyxTVKYP0n4N@mail.ru,+7 (577) 234-18-34,0,7
896,3CzMIahvvee!,qpiND4Z#_1Zbvu@r(,gL6ERt0FZYRONL_Kkez@gmail.com,+7 (319) 284-92-83,0,7
897,uOa_X3!s,S3LhTCj,yQEM5praO@rambler.ru,+7 (525) 308-36-35,0,7
898,@U23&M5s&m,kB1jSg;*tz)#t602FM,vgUToss@rambler.ru,+7 (325) 534-14-82,0,7
899,PaSfatxY1AmrD;qXs8ag,cmgAw_0M2m,WXegmusSKlmeDMfKts@mail.yandex.ru,+7 (221) 186-24-40,0,7
900,zk1vEDfkgmMU8WcDxw3,%wOvLS5Ts,BmjHa@mail.yandex.ru,+7 (206) 413-34-90,0,7
901,la_31GLYi,fn0A;Iojtp(Yp4z2,zn8_YSKgCC@mail.ru,+7 (996) 175-31-55,0,7
902,)aBt!pJaBt)byKd9xpZ,F;vzZfVWzlM3%v,3_5cd@mail.yahoo.com,+7 (385) 509-16-69,0,7
903,TBr(lMT%*^IfAYn*uf,OmSOgApRpUY#!YJF,bGbPcntkQ2@mail.ru,+7 (071) 101-81-67,0,7
904,l%x8Rwnvy,3SDWV2j1ntWe0kOOu,vIozgpJlQJPXRKiSh4zz@rambler.ru,+7 (816) 138-70-73,0,7
905,p2@50%cqtO,M77V*Ti;RLEBWFRaDtG),jdRMwG2A3@mail.yahoo.com,+7 (082) 753-33-10,0,7
906,@@fwU,l#7HnRiGhq5U,tM3kGKCWO9ZqDf9Kk@gmail.com,+7 (096) 616-08-46,0,7
907,M_O2p9Yro3!XOLN;QT,WetmwwFQgd,U0hfDGw1vvWuL0Mv_p4@gmail.com,+7 (678) 256-11-24,0,7
908,G7!i6zR,xQtGQtBJRZeI$F$K,7AzvBgrbHr4YHCbnqRH@rambler.ru,+7 (904) 671-56-50,0,7
909,pfpF7^C,g$nAz0ulNb0aumczh,YffxPMuYCKtfCGCPzpz@mail.yahoo.com,+7 (477) 523-48-65,0,7
910,ULU*;TZVhj(%KK8AY1,iz8Ip$ps_B,FALvLgEa@mail.ru,+7 (490) 859-94-29,0,7
911,fe8mjVTcq&ZmZ,P;7yboBM6;S6*B;8M,3cgj9Bm@outlook.com,+7 (009) 281-68-65,0,7
912,Z3*TIbvNwJ^uEbJ!B7N3,_i6gwGvD,_uc4mSRwFT_fmCgPv@rambler.ru,+7 (517) 587-25-12,0,7
913,swg(6smlTnLf,0dX@pEaYlCr2K4,DivFTEXIG@outlook.com,+7 (274) 687-28-94,0,7
914,q*VppCNlJXJwXFFy!,ERlFjyONN,ICzadtqui@mail.yahoo.com,+7 (331) 970-43-06,0,7
915,7*iXD^)qs,Ked6Qn%SVOC%Q,sAiy0AUzgaH8oWx4wf@mail.yahoo.com,+7 (492) 340-44-33,0,7
916,d7uPBRbfE86b,KJEkon!bFKYo,mmZYs@gmail.com,+7 (212) 655-94-02,0,7
917,lhvu4VKnrwoO*Nm@$,3msS*t6P@,_yYLMZqLQ5zKh_fzofde@rambler.ru,+7 (505) 146-15-02,0,7
918,jaYyYzgHLp&3Co5c7,vZ0fNDs^2Xwy,nHq_g@gmail.com,+7 (575) 154-73-03,0,7
919,01Wit!k^gy),Zf84qACepm9I603hpN;,KKCpaFGOjyj7@mail.yahoo.com,+7 (247) 292-18-46,0,7
920,qkp;!m6eo,Fw#xSPFaaddy7^9KUKF&,Zw8_qkqJl9IqBZPg@mail.yahoo.com,+7 (346) 189-88-57,0,7
921,jWip!p3umk6%*WYAGYoC,m&z_7OH9XRPZkeD,9G8EP_mzZdRe4z5@rambler.ru,+7 (739) 173-66-12,0,7
922,5*Y8#(XYsrf,&@EYmds)*z,2H1TzLQ7TK@rambler.ru,+7 (332) 799-99-89,0,7
923,Smu*Qti$F@,z0RESW76TU(c0PFuhibr,GEm0gNeAKPKhfryQgqzu@mail.ru,+7 (794) 792-50-00,0,7
924,R*s2ek87YmZ,%ASbhQ77,WKKjk78UZylTIR@rambler.ru,+7 (131) 790-29-77,0,7
925,%y@D3eG0f*,dL3STT^ytmu10G_n2&P,w9w9cgAj6aGg@rambler.ru,+7 (698) 178-82-28,0,7
926,2_QBN#uPKos#Yu(,PrN#jaXipc^vX,5lfPaxvyEtvJ@mail.ru,+7 (448) 831-39-01,0,7
927,7Uxuz3%Bnfau_iv,dYs#zPBr,kwwxKt@mail.yandex.ru,+7 (520) 387-55-10,0,7
928,;C0k;^p)W%,QjigG,jkBIYG6hcLUM@mail.yahoo.com,+7 (262) 903-17-65,0,7
929,LliHDEQkIdzu,jvu#x_xzds,P4jcKgfHtksf96Dl1@mail.yandex.ru,+7 (627) 086-07-66,0,7
930,KbwxNeEF,3Trp@@phu(,MiLiXLqpl@outlook.com,+7 (397) 160-77-15,0,7
931,lXQcV^rleF,B)^p^7A&i68,HH29wPOct@mail.yahoo.com,+7 (831) 426-92-73,0,7
932,C_p_tOjp^_Zmx8,8#Dt1x@t1i,ByOb4@mail.yandex.ru,+7 (064) 197-29-88,0,7
933,paSa7dz#,n%SP9xFsuEGxMShbFp,DXXs1xWqpu2HaYLRHbE@rambler.ru,+7 (409) 149-52-48,0,7
934,eoDI_Y,;PQk&6uoztM,QZCJdLtmVIWbJ2j@mail.yandex.ru,+7 (190) 207-94-18,0,7
935,ib#VwL)QX^tZc,foOht;jjSZy38H^u,q93f6bL@mail.ru,+7 (358) 151-80-23,0,7
936,acW1*vwchZpvN$XGk_v7,tvxArWcpk1pLYPrj0J,As1A1YdIo8ELxPQGgfH@gmail.com,+7 (560) 219-68-77,0,7
937,Aj7sCn,V8Fe6A^aDi)HUx$F,7AhSfGU@outlook.com,+7 (198) 776-23-67,0,7
938,PWqRFO8,DefiPn8wOP#Oamy4,mlwDgjLlqW0@mail.yandex.ru,+7 (171) 948-73-20,0,7
939,K#qS;fH5q,hXOy4YwShVHMSg&tjV,SFGbZi3vFOL6Q9@rambler.ru,+7 (932) 158-89-20,0,7
940,4onC8j,1BSHXL1b255tgWk1(nFc,Dx059C7GEwDxj7xT301@mail.yandex.ru,+7 (238) 600-99-94,0,7
941,;mzm*,_XfTt%t1Hw63s^arRQ,z3kYTopA@mail.ru,+7 (198) 380-95-65,0,7
942,&iYOUl,KaT%67Y1RNy,oQVyXJ1Lz70Tu@mail.yandex.ru,+7 (174) 189-96-69,0,7
943,zFHT7&nNtKMN&n9F7$;,9LyPCc&YNRC,nd44ljgguG6r@mail.yahoo.com,+7 (447) 654-00-24,0,7
944,N^g5),Fmt4$w5twsfFmvPg^0cM,ClA92KzL0Tx15W@rambler.ru,+7 (171) 913-98-54,0,7
945,b;iIy%53wN4B1O3,zOEcD,NX0h0_hUBoQ5W@rambler.ru,+7 (838) 642-77-96,0,7
946,&@VeQ5HllliHmdeY,Ap*fMF,hC9UgcaA6nl4bkmrgU@outlook.com,+7 (430) 818-56-06,0,7
947,Ex(t$9U%,XcPftly@!LgXZlQp&)%,39vqHgm1c2Ze@mail.ru,+7 (626) 158-88-11,0,7
948,VNnPC,snn^S;*BbyN$6MNn!ei_,nqL3ixxpX2pTySL@rambler.ru,+7 (841) 958-19-97,0,7
949,S6t4wZxhlh2qH4fq,IOV2Z,pS8R5iONieEJ9y1SMfx@gmail.com,+7 (287) 124-13-24,0,7
950,2tdQzZe5l(cyqlPxONdR,9I0U7&,GpCpChS1@mail.yahoo.com,+7 (700) 590-28-02,0,7
951,Z$i!yP79CKmG;,lioXhwmXn&a,bot3SulyTDT2bRDuad@outlook.com,+7 (569) 381-24-68,0,7
952,hdhyCWUws;^TQmN,Or5F@yQwQQ&*h,au6tBxxvwk8RZ@mail.yandex.ru,+7 (097) 613-89-77,0,7
953,EaEJAb%HmKp,mxQ9mat,rfadio2LDGX2hbkBU7V@gmail.com,+7 (897) 153-09-86,0,7
954,uWw!IAmydQ^%mCRA,7xdErnj#$cI,LwuvKI7CDvYv066fqKoi@mail.yahoo.com,+7 (301) 020-69-85,0,7
955,J;dZyw64rRrlL,rqh56,cKUurr@gmail.com,+7 (275) 531-26-66,0,7
956,8s2jdcFZa6dqLNpPQHm#,IpzQuHcG,TXYC1nCY@mail.ru,+7 (294) 440-72-72,0,7
957,2I_GzeTwaM80PtfE3w,mVE3D*sW8%B9qtqnBf,dHiXZCxmj@gmail.com,+7 (589) 734-65-77,0,7
958,u5K6APSeDQZ3m,SablBI))(jWwvZp,yELsUa@gmail.com,+7 (975) 078-66-92,0,7
959,v%)n&,eaJ$tzgHZu,aCMPzGVzXGGipNzXbtCj@mail.yandex.ru,+7 (992) 912-98-17,0,7
960,a)CQ)@NS)sF5z0UEEA1,AR!8rdPWmdsfqa!p)pka,PmTw_ZIJPKD3@outlook.com,+7 (477) 826-73-72,0,7
961,$A9^%bk3$_9o$W2*CNmm,cFUawIYUd@*pFg06),a8GRX6@mail.yandex.ru,+7 (359) 723-22-98,0,7
962,l%VHG^Z&N,p$SmGb%pmXFz_VPf#XPL,LoDkMeBHA_i_9h@outlook.com,+7 (911) 852-79-14,0,7
963,dYupg,O^7I5sGPM0g,MNwubBPRh0KBbr5g@mail.yahoo.com,+7 (174) 181-59-99,0,7
964,Dneis_ICd5&0,4rVQv3ws,4LZ7jJCHq@mail.ru,+7 (640) 708-82-38,0,7
965,MnGEYm,%kF#wj^#Vzyl8;im;FKx,2nbEJxS8zYp8DDRHUFR@rambler.ru,+7 (272) 536-96-15,0,7
966,IJ%LO3$pN4GCGzo%j,fugIWseNWAI9G4bvW,zB3Obft@outlook.com,+7 (649) 560-12-43,0,7
967,)5*xX&Sp5Sb0xmf0,$^e*#zSwZ&J,lp8DTsPFT@mail.yahoo.com,+7 (647) 465-68-34,0,7
968,(aabYjOC,pn*p&3Wu7Zi2e,cTiUoWUD805ZAaoHC_5@rambler.ru,+7 (463) 408-58-39,0,7
969,Z*mQ9lw,!HuChMUD6^,S86mA@mail.yandex.ru,+7 (830) 138-17-60,0,7
970,R8l2%G&IY,mQpvOXm*(GURZxu,ISe_C@mail.yahoo.com,+7 (095) 303-37-60,0,7
971,2y2^guhV%ar,%vE_thODwgxFU,O7O7M5bZbjo@mail.yandex.ru,+7 (022) 022-61-91,0,7
972,!p5m$S@@I2Q6T,zpNpRnH,fnNiUoyI@outlook.com,+7 (699) 936-55-13,0,7
973,^7eyX,pSTN1R833cufUJjQBY4,mcvT3h0UJ@rambler.ru,+7 (021) 214-97-43,0,7
974,8L(maGA42,L6p7XD,WdrclBEQ7UE@mail.ru,+7 (290) 933-06-46,0,7
975,#pC$1xtMcQ_RT*0,hajUabK;5#GRkA,_KtH_k9HJ6wHVd@gmail.com,+7 (976) 153-82-15,0,7
976,etDCnIqxDo,YP%m3N8fiPj@s_ti6hHd,eSVHHe0C6zew8@gmail.com,+7 (779) 369-36-34,0,7
977,;TuX#Mes*4)7(S$,_LirrT_,7kvZVoEw1@gmail.com,+7 (826) 887-60-24,0,7
978,81dI$ls,DiRF;1m#kY,Ythlm81@outlook.com,+7 (524) 570-43-58,0,7
979,n@s1on!%Qv2hibO_a@TC,)DfLB*3*O,6exxEnn1Fhhjrg@mail.yahoo.com,+7 (887) 330-21-64,0,7
980,@7U3lgGjsT_e,&HHPcZbM_JGof,v2egkPm@gmail.com,+7 (043) 987-83-47,0,7
981,DcQJ4FjD,6S_VnCC9nl2,3Rihj0PK0ZEB9R@mail.yahoo.com,+7 (278) 505-33-12,0,7
982,FapJ!mMspe,zIm@bg4gj4FlBpoAkAqe,NpJmPMlsW95GGdoi@mail.yahoo.com,+7 (302) 889-10-72,0,7
983,iJW8tLhWp)ztS$Y,XsjmP_V)&O*zD,0KcPFZcZAtzUJ@mail.ru,+7 (442) 711-28-29,0,7
984,$zSP6STT7WHkj^EL;,Tt;!Km30K,duAlUx66Tiw@outlook.com,+7 (707) 014-56-10,0,7
985,axuCgY&D8qH,X1IU5VgfmdszV,dSWr9HF@outlook.com,+7 (732) 479-77-79,0,7
986,3z$0kRO,6tP3B#gw(JvayPXfc8,MCFmQ@outlook.com,+7 (161) 128-91-47,0,7
987,pzGL;no!j,7MU2Nf!1,PbPljRLjYsEsSLR@mail.ru,+7 (929) 264-25-06,0,7
988,rf!6zgfSgcu,5%GkWJ,8is6iRdcmZh@mail.yahoo.com,+7 (466) 809-79-97,0,8
989,gkU$5tEk9KM,cE)wh4(,87hRkb@mail.yandex.ru,+7 (400) 789-71-75,0,8
990,FVDi#Yxw83U#Jb,gk99VS)_zvoFSD,PVW1KnAX@rambler.ru,+7 (935) 267-03-97,0,8
991,JcIygD,*ZySpG2Pd8%mYYyH%gE,xILRJkEfkLHK@mail.ru,+7 (779) 332-75-95,0,8
992,Pum8H(ePLDrx,7LE7),d1wvb@gmail.com,+7 (333) 851-01-66,0,8
993,L%J2z_Ca2#e,dn24eQ,JTNrhaVPHlc0@mail.ru,+7 (012) 784-98-57,0,8
994,uLO*pv9J7!sQDL@P*,wXad)U_xa,BnxCrq9kB5884g_z@mail.yahoo.com,+7 (684) 807-76-43,0,8
995,aqrg2tzCW1j)5y4ol,V&Z5Slu5HGhewTXYk1C,TpqdjoHvN0GYgaL1@rambler.ru,+7 (259) 769-08-13,0,8
996,&Lm!XRya$a$82;,&7SKvyn&NuC6,Xg3mfzX61mu3FsHTOLH@gmail.com,+7 (987) 055-05-84,0,8
997,p6PH#w,Pv*VA&mV%Ihz#Ry_mOj,7P253PjGK_M3@gmail.com,+7 (619) 558-14-21,0,8
998,_#tNWyX1,jtI6%0K69NoSi;e;zD,qrmpWynGMEi3iQwcPlr@mail.yahoo.com,+7 (341) 191-66-40,0,8
999,*pms6EK0A$i1bLGZq%3m,W2pFuCn,HmHlnrLgs1IZK@mail.ru,+7 (336) 252-60-47,0,8
1000,U5@XmUrnxsVkiZ$CcQ,)BG$z7fa^qEvINH&*3Z,08hV9@mail.yahoo.com,+7 (133) 430-60-37,0,8
1001,z0zQDQY$oZp,(v$$&DvT8_8dM_a,hgDX5psU@outlook.com,+7 (763) 150-80-55,0,8
1002,M4VUK0CaG,4Z;P&70sVpU9!Y(Z7*,wpsbK2FJfJg@rambler.ru,+7 (231) 526-17-62,0,8
1003,fYa061Pm9&fQ2,h(ph*dO(9yN#aQaX,MKsSKhWaeAFBc_6fR@rambler.ru,+7 (120) 077-52-92,0,8
1004,2F)3_,3pojcYEAA,QwMFZUg_gitt2YLYv@mail.yandex.ru,+7 (791) 117-11-01,0,8
1005,xB!@i3%;hK0Z,fQB3ap(_;wtds@qequgO,1is4TM76xzc@mail.yahoo.com,+7 (612) 733-57-78,0,8
1006,gjyjflr,sqF68co6eDmEfXaiRldU,RZy7kXBJ17MlQCSRzkl@mail.yandex.ru,+7 (783) 085-21-53,0,8
1007,Mb4FOC!2$V8,fqO5!Ww,CUKcpYXOXk6MCsJb7@outlook.com,+7 (090) 164-02-60,0,8
1008,7zCX1)zrnLZ%;)&,7_Z)Xrl,FZzSBh4VB65YArHG9ugR@rambler.ru,+7 (287) 540-15-65,0,8
1009,*&&Z*1ZSKo;,FcC)TBm!s1JoU!k(a!Z,l37Ag0NEhbI@mail.yandex.ru,+7 (323) 413-50-87,0,8
1010,4ULQZUY,GWT;Oqca9e_rg^eaU,038gelErSmIjC@gmail.com,+7 (239) 269-91-71,0,8
1011,Z_dGo1vp*iA$qxXLIe7,^vrmO9JYKE!S,P4MEhEZMW@rambler.ru,+7 (162) 081-81-48,0,8
1012,sX2$oTd6W4%iI%pV#I,&0)LqevO27QiLc,kijGrKUMc1L@mail.yahoo.com,+7 (858) 233-19-10,0,8
1013,pj$k2@S9ruB,XlAxao#X3(@tac,kVDgArVR@gmail.com,+7 (350) 835-09-84,0,8
1014,P07cuTlgr,QRiY@oU;,hgtaMWHQ85J@mail.yandex.ru,+7 (615) 957-66-14,0,8
1015,4m57HziTu3ACq8YX_C@K,T4Tt#&*,fXRcPVd@mail.yahoo.com,+7 (127) 281-44-69,0,8
1016,a@y$*,Z1WFJ6_!A)@*IcLq,uw6wq0BE5otfevuETr3@rambler.ru,+7 (701) 092-73-22,0,8
1017,0FWFe&a,73mtfwjkjV(Q,EyvuiI@mail.yahoo.com,+7 (392) 959-62-11,0,8
1018,@Q2ilt(I0sII)#Qg!,7T856ipWxHoVN,RiiQH152euLq6@mail.ru,+7 (837) 681-47-23,0,8
1019,Z1HLNjqd^mm,zlHA0NWH$wF,2IneVrPz9AU@mail.ru,+7 (927) 758-53-55,0,8
1020,Xc@cOMfd,zAxexYG(f,QQDmQ4_C47HudOj5tf@gmail.com,+7 (936) 808-54-03,0,8
1021,BXjBj!sNHe!NjrZx,Q5X4Py8KA9rmyEYar,YPNlLRl@mail.yandex.ru,+7 (431) 852-89-05,0,8
1022,eX@%u#F4TjQ#,VirR6BNm,wKOdtdcdk@mail.yandex.ru,+7 (240) 278-42-56,0,8
1023,&NDpd768e$YcF,bpEH10gK6,0kWZx0@rambler.ru,+7 (439) 956-66-33,0,8
1024,aVH#tWf*d,hoU$Pidh14zOaP,ItcDw6M@outlook.com,+7 (579) 698-66-31,0,8
1025,cYODJmUVfx7qg_,aU(C7,873itH_vEHE9ns15Pb5@outlook.com,+7 (249) 398-22-83,0,8
1026,#reiSI_p,lu3SSKuow9,9UNdUpQZclzZ1E@gmail.com,+7 (369) 396-77-82,0,8
1027,Qg1iCJ;Ustc,2awcon*qW#Wmk#,irL7iMlw@outlook.com,+7 (821) 726-21-58,0,8
1028,&%6hn,8w$lpp1Rv6FY$QrXX9G,whIqlwrnffR14aKXg@outlook.com,+7 (835) 839-63-66,0,8
1029,$IBSjVnasWbzdI,6r;(Zib%Aav@v2),_iNSPRN3@mail.yandex.ru,+7 (100) 865-38-41,0,8
1030,jZimQdXt^,v(QqOT5tsugP2q,W0Up01@mail.yahoo.com,+7 (510) 803-46-05,0,8
1031,zoWB1mAQJ4I,tqCNMUj&Z$KrI6sNp,cs1R4nWlb@mail.yahoo.com,+7 (920) 559-71-79,0,8
1032,DIHYMrEm$,&UC)rV2orH$7CGE^2k;n,rGdHt1aoVerRI1j8Ic@mail.yandex.ru,+7 (114) 874-09-42,0,8
1033,MBVN0pQZ(c2,bV%^XC7po8eLq,DfOkZMmpn9T_@gmail.com,+7 (342) 409-45-66,0,8
1034,fwYBYM4XDB,Wr9Ty0R$_cqM%^n_^S,ZIpEypBtN@mail.yandex.ru,+7 (347) 534-76-41,0,8
1035,lf&7m))A4O*XewyqLV7,HiSrc*fEN,xv7rpRxexmIRufeILF0@mail.yandex.ru,+7 (961) 653-26-63,0,8
1036,j0Ktx,adAKS9(,Mp51RD1H@mail.yahoo.com,+7 (365) 537-68-13,0,8
1037,i*If7Xna,sOwa(^puP2kbzxZ3,aaWXnKOAKX9U2ar@mail.yahoo.com,+7 (861) 426-24-84,0,8
1038,Ejy39,$8Ff^y,LvT2z9Qr1nGhp0_KK_V@mail.yandex.ru,+7 (280) 027-61-50,0,8
1039,IiH3INl_0RhmkX2phx,QvR^m2)JC;TX,bX2xbwwGgQKmjY@rambler.ru,+7 (121) 982-22-47,0,8
1040,1Voo;,B_hXh7trsvKK*vm,G5ESVgGFBvVQ7QM3cRA@rambler.ru,+7 (142) 141-46-25,0,8
1041,pD@e4pm$BQJ4ugoz_,XjJZ4E9mG9r$umVOimd^,pg9VN2BLNmSJ2AlD@gmail.com,+7 (914) 896-49-41,0,8
1042,#*pZWBT(Oel(JLnY;@d,lRRe)yQ2,qedE_fFRXoOCw@mail.yandex.ru,+7 (015) 179-90-68,0,8
1043,CN0WLlO^7ks,pi^cIMiQciS29k,WtUxOL@mail.yandex.ru,+7 (732) 620-86-84,0,8
1044,t0zFX6)M(,2Lx%W*F,CVD9CP7o0r4Y1bsbVS@gmail.com,+7 (767) 291-24-00,0,8
1045,!NOR3Bcx,Qm5xI#,3mkQE@mail.yandex.ru,+7 (314) 460-44-09,0,8
1046,m4U0qSGY3XNEB51PM,sya@Ur2,Inaj9a_@mail.yandex.ru,+7 (210) 318-08-86,0,8
1047,5ImQeF,lWV44sG(guTW,q6TYbpwzbGCA7jEA@outlook.com,+7 (565) 848-85-59,0,8
1048,TeqlYaTYZrQQP2T@M3,V(WAvacAHIRMRcJ,1r1ieWduKvp@mail.ru,+7 (991) 837-99-28,0,8
1049,9epKO,iHi4oelv,TzlzY@mail.yahoo.com,+7 (826) 790-18-82,0,8
1050,9cHsDHEup57RREcW,T%w@jyB2mK*,whPvGW7tOX@gmail.com,+7 (286) 619-39-67,0,8
1051,E^wfB6;p!r0VUqDdx4,@Ffymud,lIlY2ThgCdjm@mail.yandex.ru,+7 (064) 716-98-04,0,8
1052,)QG4mwVJBuw,$a$QSKQp*,D1wr4UeUgprx@rambler.ru,+7 (051) 145-82-74,0,8
1053,5nR;^4xjY@,DOVXYkzB%$rxg_PF,qDIq7wbhaaoNqE@mail.yahoo.com,+7 (338) 204-60-73,0,8
1054,l&5XUrNJ_igydxR!wmFz,b#cEps75YOn,DKc2vsAppFF9psoQ@outlook.com,+7 (849) 906-85-52,0,8
1055,5g4f0e),!OUSa#(a,uGYlrEKbyHmOlk@rambler.ru,+7 (233) 506-67-20,0,8
1056,S(l^*pqjygBm,o8R6pNrZ(R2GQaKYL*8(,DNN9T7iK7xr3tB8W@mail.yandex.ru,+7 (755) 632-29-83,0,8
1057,a7Un0mwlV$a4(NsHjKO,@PEmgx,u4Z9Ut@mail.yahoo.com,+7 (130) 790-06-74,0,8
1058,4&npOzZd,!R9fVzBSc1rpc*UQhn#(,aAJPT9HWN@rambler.ru,+7 (521) 925-92-28,0,8
1059,3zGDCVWQ,BiM8vz8)o4pQhBMt,P50DVY7n_KQhS4tuq@outlook.com,+7 (403) 594-57-36,0,8
1060,@omb&Sw&(Y5^6o,C0msq&K!Sh,JA92jgEBVpWzxM@gmail.com,+7 (431) 874-65-04,0,8
1061,rK9tOH_8,jI1LT(aN;uN(MJ,YkYRbNgTaQJdJD9Gul@gmail.com,+7 (854) 472-16-40,0,8
1062,mGaiICok6A0Lx,a@Hjoqp,Of7yw7PHGTPuWNvUYYj@mail.yahoo.com,+7 (282) 339-15-21,0,8
1063,!tMe5Pp8rXOxT,B&E9pJ*FbsdiFAp,aSJOqG@mail.yahoo.com,+7 (049) 037-83-61,0,8
1064,F*mav;5S)LjmXoc!wk,;GZLR!B,92ureLD_77G9@mail.yahoo.com,+7 (018) 675-48-28,0,8
1065,VeJDURvKOa$rFb,eD4lr07JTQaD8U3,AdqiR_iGyDSA@rambler.ru,+7 (531) 872-20-37,0,8
1066,xnoT9a^4i2V6LI;nKP,6fYB4DM,0sDOdGy_bdv@gmail.com,+7 (833) 233-32-26,0,8
1067,RDleyZi*6fDbyEQ@,VmYMA!l,IyXizAzHoKTLsoH7X7@outlook.com,+7 (747) 978-28-06,0,8
1068,VsdH88)$oGM,2DV7#Olp)f!QlT,ks2NijQE_0_s6N@gmail.com,+7 (124) 336-12-42,0,8
1069,_J;zBuF3d%E(tzJ,NMb51wy,7H5gvvdGBKR5UG@rambler.ru,+7 (204) 339-70-85,0,8
1070,eer0f%trvHZG,65;$b2yFHI8zvGG_,qALSK38jmvHA1h@mail.yandex.ru,+7 (613) 495-06-78,0,8
1071,vBPdACU@Is,H^z!!,wnZVfNjg@mail.yandex.ru,+7 (204) 950-49-52,0,8
1072,K*$BY^8@y$,KoKf8pP5Yc5Q%P@,IveOC_px_fsxfjB@mail.ru,+7 (073) 950-54-30,0,8
1073,AZscA^e,Qpi$3_A%,MganKa@outlook.com,+7 (057) 227-01-68,0,8
1074,hNolS,F;cyR%!iMD$nzcz5s_^;,WHozpTo1BWqMVhOOpKnJ@mail.yandex.ru,+7 (163) 529-36-09,0,8
1075,n4irLP)k!n#WO*cv,p3#Sgg6,T5rwn@outlook.com,+7 (152) 452-25-98,0,8
1076,xH;jg,(IZwgb&FUx2@!Kvcm,unrDQ_lPpmOm@mail.yandex.ru,+7 (358) 886-04-59,0,8
1077,ftmWippL8sU,N*2bBxbl&F_,JcWFmOriKWTo@mail.yandex.ru,+7 (442) 030-33-85,0,8
1078,d3T)5AV,x9w8Axa,PWuY3QCCUnFIjuEHC@gmail.com,+7 (016) 351-38-58,0,8
1079,H1Rc!t&FLd17r$_h,#pgavoe%,KZQ80@mail.yahoo.com,+7 (823) 411-31-06,0,8
1080,@Qpk#CHM$#o*Ws,&oaa;TM^bvG*w,Mrze82wa7ncBuwSnDD@mail.ru,+7 (559) 473-92-19,0,8
1081,aHKRXp2pj8%;3ebLt#,9hmPH96yYoZu3,OrrbA6SKSap7DGhjbo9@mail.ru,+7 (916) 717-45-98,0,8
1082,Pi2*%PnVImN9,vo$gNn@f,yET01TptGNfd79Ls0@mail.yandex.ru,+7 (602) 813-21-50,0,8
1083,a8BlJjmB9@,BL$W9iHp,DwXvmjcY0b@gmail.com,+7 (975) 052-93-70,0,8
1084,Sl7_THmgsdlwpi#,z@eKXHWG2)jr#I,3uK6uNam@outlook.com,+7 (838) 059-94-30,0,8
1085,pMXTzHKg,4uc(Z&MlBmDaR4V*@IX,qtDeluykrujt2Q@outlook.com,+7 (650) 823-97-67,0,8
1086,WPMT@a,8mNa4vG6pJeM*,PYSPrKRgW@mail.yahoo.com,+7 (910) 597-57-35,0,8
1087,JRc@JHd303I,F8(Gx,LPuOKAXvn1kQklvV0a@gmail.com,+7 (699) 960-37-49,0,8
1088,e^k%%8a(,qTCOmS,YCDDF7yN9@gmail.com,+7 (740) 433-28-30,0,8
1089,ET#Z2$&,(MEtn4pumBc8p3,8ugHRznf@mail.yahoo.com,+7 (501) 569-91-85,0,8
1090,(G;Ftm0oO,UjpzWjA7Qhogn4Z5Xp,PgJcSSv63OBVvL4e@mail.yahoo.com,+7 (845) 980-71-08,0,8
1091,TWeCsiKp_VN,cGaau%(!sY9C1rvNb,7pcsaft@outlook.com,+7 (453) 645-33-02,0,8
1092,@F(HJ44goHDc,;gKs6GDQS%ad5Z,h0IVZ1_ucSNpE7AeI3@gmail.com,+7 (849) 395-31-72,0,8
1093,*87Ksi,WzkFacOG,t8xKUUFvB@rambler.ru,+7 (725) 679-33-36,0,8
1094,!xf&pH1cmk%gIg(z,Jy)i%dG^1R9mGZlRK)Kn,P0vbIFxOi4kL@outlook.com,+7 (882) 091-41-99,0,8
1095,*vzrslFqg,eOv6PcK,C2A08YC0SdA4Ma3d@gmail.com,+7 (996) 712-02-45,0,8
1096,S)aBY&HQv0qGuC,@mQj3n4W),lrmcixqxAHpd6Um35@outlook.com,+7 (628) 331-15-83,0,8
1097,9fuHJ!HJh,eSDLEvX&aQvd$#%,f2_yWH8jvUyoDD@mail.yandex.ru,+7 (883) 462-04-92,0,8
1098,Tdl6yu(9ZD^QplJC7NO,tT3bY*(m5i9t)BH2jA,wNUen@gmail.com,+7 (320) 393-44-37,0,8
1099,8i3gO,UxL0*,cDq7_@mail.yandex.ru,+7 (564) 785-74-99,0,8
1100,uJt#Ja,$O_Ua0&e,9j31B52_qNk4P@mail.ru,+7 (122) 118-70-14,0,8
1101,6kR7MQfj,%P*dgw^)Nkr,neymkSEqvo61t6ZV@rambler.ru,+7 (620) 147-54-30,0,8
1102,WQvb57p,QxS1HEz_C1R(GB3mBXa%,k08cHi@outlook.com,+7 (430) 599-43-89,0,8
1103,x5^damAYhd,o^8_RpOZ,yeybqyvFJ_@mail.yandex.ru,+7 (114) 748-46-08,0,8
1104,Quk*@zQG%h,F8pld0cgUyCeRyyfrAG,2EY0SFfaRa6DGyvsrj@outlook.com,+7 (907) 394-15-26,0,8
1105,P1WBwGtHRsT,N6xVbJ%!@v)UeizEM,WlAgTy@rambler.ru,+7 (187) 528-30-48,0,8
1106,Socp@BK2Un&K,s;PW;8TzK$fFaGv75W,hFw7pvyney670@rambler.ru,+7 (455) 767-26-91,0,8
1107,XQ#w2qG(Wr#!,_zA(*$3z1yCac$,KlKHLxy@outlook.com,+7 (094) 769-43-35,0,8
1108,v!8BYa,ekpnMPHG3@P49!d,VMtvAee@mail.yahoo.com,+7 (173) 996-99-68,0,8
1109,G*;p7BG*#L%;1I&9_7tt,IyCHK2,Mcys4giLl9XhWFF2SBEr@mail.ru,+7 (134) 981-98-24,0,8
1110,#2^vu_t%C,6p7ZS*Q%(kfl,EeH9N5aM@gmail.com,+7 (381) 225-48-95,0,8
1111,i;LGuaUNDtm,*15kES,jNX4DHG8@rambler.ru,+7 (220) 316-62-18,0,8
1112,bWQ1bC4um3y#8ZkM5Z(0,D0jgvACo$b(1m,AFsOKGMPzRcEmrY@mail.yahoo.com,+7 (123) 474-30-55,0,8
